{
"type": "FeatureCollection",
"name": "wayJson",
"crs": { "type": "name", "properties": { "name": "urn:ogc:def:crs:EPSG::5179" } },
"features": [
{ "type": "Feature", "properties": { "uid": "11215#261", "sig_cd": 11215, "f_node": "11215#8", "t_node": "11215#603", "length": 14.445407419387401, "degree": 0.0, "width": 1.0, "type": 0, "braille": 0, "w_bicycle": 0 }, "geometry": { "type": "MultiLineString", "coordinates": [ [ [ 962553.790000000037253, 1949753.76 ], [ 962548.050000000046566, 1949740.51 ] ] ] } },
{ "type": "Feature", "properties": { "uid": "11215#197", "sig_cd": 11215, "f_node": "11215#11", "t_node": "11215#317", "length": 32.4009658503007, "degree": 9.99, "width": 1.0, "type": 0, "braille": 1, "w_bicycle": 0 }, "geometry": { "type": "MultiLineString", "coordinates": [ [ [ 963177.5, 1948865.32 ], [ 963145.42000000004191, 1948860.860000000102445 ] ] ] } },
{ "type": "Feature", "properties": { "uid": "11215#262", "sig_cd": 11215, "f_node": "11215#147", "t_node": "11215#393", "length": 74.449314851986799, "degree": 0.76954817220374006, "width": 1.0, "type": 0, "braille": 1, "w_bicycle": 0 }, "geometry": { "type": "MultiLineString", "coordinates": [ [ [ 963186.900000000023283, 1948713.610000000102445 ], [ 963182.49, 1948787.9 ] ] ] } },
{ "type": "Feature", "properties": { "uid": "11215#190", "sig_cd": 11215, "f_node": "11215#331", "t_node": "11215#509", "length": 29.2742575136234, "degree": 3.9083406179797602, "width": 1.0, "type": 0, "braille": 0, "w_bicycle": 0 }, "geometry": { "type": "MultiLineString", "coordinates": [ [ [ 962934.540000000037253, 1949269.34 ], [ 962930.699999999953434, 1949240.33 ] ] ] } },
{ "type": "Feature", "properties": { "uid": "11215#263", "sig_cd": 11215, "f_node": "11215#111", "t_node": "11215#342", "length": 13.073943967908001, "degree": 4.3739238534416103, "width": 1.0, "type": 0, "braille": 0, "w_bicycle": 0 }, "geometry": { "type": "MultiLineString", "coordinates": [ [ [ 962230.160000000032596, 1949093.7 ], [ 962235.290000000037253, 1949105.72 ] ] ] } },
{ "type": "Feature", "properties": { "uid": "11215#191", "sig_cd": 11215, "f_node": "11215#57", "t_node": "11215#155", "length": 29.482353034821902, "degree": 1.9426475973798001, "width": 1.0, "type": 0, "braille": 1, "w_bicycle": 0 }, "geometry": { "type": "MultiLineString", "coordinates": [ [ [ 963258.150000000023283, 1949606.23 ], [ 963287.46999999997206, 1949603.25 ] ] ] } },
{ "type": "Feature", "properties": { "uid": "11215#192", "sig_cd": 11215, "f_node": "11215#105", "t_node": "11215#869", "length": 10.9453271145067, "degree": 0.0, "width": 1.0, "type": 0, "braille": 0, "w_bicycle": 0 }, "geometry": { "type": "MultiLineString", "coordinates": [ [ [ 962575.07999999995809, 1949335.2 ], [ 962564.21999999997206, 1949336.53 ] ] ] } },
{ "type": "Feature", "properties": { "uid": "11215#193", "sig_cd": 11215, "f_node": "11215#323", "t_node": "11215#572", "length": 32.546107003963698, "degree": 1.8230997618292499, "width": 1.0, "type": 0, "braille": 1, "w_bicycle": 0 }, "geometry": { "type": "MultiLineString", "coordinates": [ [ [ 962716.24, 1949453.610000000102445 ], [ 962714.82999999995809, 1949438.79 ], [ 962712.410000000032596, 1949421.31 ] ] ] } },
{ "type": "Feature", "properties": { "uid": "11215#187", "sig_cd": 11215, "f_node": "11215#40", "t_node": "11215#585", "length": 28.386926522233502, "degree": 4.0301127544496698, "width": 1.0, "type": 0, "braille": 0, "w_bicycle": 0 }, "geometry": { "type": "MultiLineString", "coordinates": [ [ [ 962820.92000000004191, 1949552.41 ], [ 962822.349999999976717, 1949524.07 ] ] ] } },
{ "type": "Feature", "properties": { "uid": "11215#188", "sig_cd": 11215, "f_node": "11215#716", "t_node": "11215#718", "length": 3.7143859085272299, "degree": 4.99, "width": 1.0, "type": 0, "braille": 0, "w_bicycle": 0 }, "geometry": { "type": "MultiLineString", "coordinates": [ [ [ 962739.459999999962747, 1949464.67 ], [ 962739.150000000023283, 1949460.97 ] ] ] } },
{ "type": "Feature", "properties": { "uid": "11215#189", "sig_cd": 11215, "f_node": "11215#432", "t_node": "11215#433", "length": 4.2837062886792898, "degree": 0.0, "width": 1.0, "type": 0, "braille": 0, "w_bicycle": 0 }, "geometry": { "type": "MultiLineString", "coordinates": [ [ [ 962438.660000000032596, 1949818.76 ], [ 962441.209999999962747, 1949815.32 ] ] ] } },
{ "type": "Feature", "properties": { "uid": "11215#183", "sig_cd": 11215, "f_node": "11215#742", "t_node": "11215#743", "length": 2.1518471251815598, "degree": 0.0, "width": 1.0, "type": 0, "braille": 0, "w_bicycle": 0 }, "geometry": { "type": "MultiLineString", "coordinates": [ [ [ 962914.550000000046566, 1949293.35 ], [ 962914.25, 1949291.22 ] ] ] } },
{ "type": "Feature", "properties": { "uid": "11215#184", "sig_cd": 11215, "f_node": "11215#493", "t_node": "11215#841", "length": 66.840533121042895, "degree": 3.2153176788625499, "width": 1.0, "type": 0, "braille": 1, "w_bicycle": 0 }, "geometry": { "type": "MultiLineString", "coordinates": [ [ [ 962527.979999999981374, 1949467.92 ], [ 962585.800000000046566, 1949453.860000000102445 ], [ 962592.89000000001397, 1949452.08 ] ] ] } },
{ "type": "Feature", "properties": { "uid": "11215#185", "sig_cd": 11215, "f_node": "11215#148", "t_node": "11215#413", "length": 65.803219981523895, "degree": 1.7408919052619301, "width": 1.0, "type": 0, "braille": 0, "w_bicycle": 0 }, "geometry": { "type": "MultiLineString", "coordinates": [ [ [ 963172.400000000023283, 1948947.53 ], [ 963176.810000000055879, 1948881.9 ] ] ] } },
{ "type": "Feature", "properties": { "uid": "11215#186", "sig_cd": 11215, "f_node": "11215#126", "t_node": "11215#916", "length": 7.7011365882691099, "degree": 2.4915733831203499, "width": 1.0, "type": 0, "braille": 0, "w_bicycle": 0 }, "geometry": { "type": "MultiLineString", "coordinates": [ [ [ 962756.540000000037253, 1949244.129999999888241 ], [ 962757.400000000023283, 1949251.78 ] ] ] } },
{ "type": "Feature", "properties": { "uid": "11215#180", "sig_cd": 11215, "f_node": "11215#175", "t_node": "11215#858", "length": 5.2539911992048802, "degree": 0.0, "width": 1.0, "type": 0, "braille": 0, "w_bicycle": 0 }, "geometry": { "type": "MultiLineString", "coordinates": [ [ [ 962513.17000000004191, 1949462.69 ], [ 962518.400000000023283, 1949463.17 ] ] ] } },
{ "type": "Feature", "properties": { "uid": "11215#297", "sig_cd": 11215, "f_node": "11215#104", "t_node": "11215#193", "length": 5.8202775276329399, "degree": 0.0, "width": 1.0, "type": 0, "braille": 0, "w_bicycle": 0 }, "geometry": { "type": "MultiLineString", "coordinates": [ [ [ 962640.21999999997206, 1949318.03 ], [ 962644.85999999998603, 1949314.52 ] ] ] } },
{ "type": "Feature", "properties": { "uid": "11215#181", "sig_cd": 11215, "f_node": "11215#85", "t_node": "11215#594", "length": 88.065060240248101, "degree": 3.2495482956143502, "width": 1.0, "type": 0, "braille": 0, "w_bicycle": 0 }, "geometry": { "type": "MultiLineString", "coordinates": [ [ [ 962604.569999999948777, 1949630.19 ], [ 962601.71999999997206, 1949638.27 ], [ 962591.26, 1949669.98 ], [ 962578.35999999998603, 1949714.21 ] ] ] } },
{ "type": "Feature", "properties": { "uid": "11215#298", "sig_cd": 11215, "f_node": "11215#766", "t_node": "11215#872", "length": 13.864887259106199, "degree": 0.0, "width": 1.0, "type": 0, "braille": 0, "w_bicycle": 0 }, "geometry": { "type": "MultiLineString", "coordinates": [ [ [ 962316.150000000023283, 1949069.78 ], [ 962309.930000000051223, 1949072.42 ], [ 962303.42000000004191, 1949075.26 ] ] ] } },
{ "type": "Feature", "properties": { "uid": "11215#182", "sig_cd": 11215, "f_node": "11215#547", "t_node": "11215#548", "length": 50.241476620762, "degree": 1.14025739260988, "width": 1.0, "type": 0, "braille": 0, "w_bicycle": 0 }, "geometry": { "type": "MultiLineString", "coordinates": [ [ [ 962975.050000000046566, 1948785.34 ], [ 963000.160000000032596, 1948768.69 ], [ 963016.459999999962747, 1948756.94 ] ] ] } },
{ "type": "Feature", "properties": { "uid": "11215#299", "sig_cd": 11215, "f_node": "11215#775", "t_node": "11215#776", "length": 1.65810289808788, "degree": 0.0, "width": 1.0, "type": 0, "braille": 0, "w_bicycle": 0 }, "geometry": { "type": "MultiLineString", "coordinates": [ [ [ 962875.800000000046566, 1949144.52 ], [ 962876.040000000037253, 1949146.16 ] ] ] } },
{ "type": "Feature", "properties": { "uid": "11215#293", "sig_cd": 11215, "f_node": "11215#60", "t_node": "11215#544", "length": 44.89455468686711, "degree": 2.5507735600861001, "width": 1.0, "type": 0, "braille": 0, "w_bicycle": 0 }, "geometry": { "type": "MultiLineString", "coordinates": [ [ [ 963015.5, 1948867.15 ], [ 963039.650000000023283, 1948887.110000000102445 ], [ 963050.099999999976717, 1948895.73 ] ] ] } },
{ "type": "Feature", "properties": { "uid": "11215#294", "sig_cd": 11215, "f_node": "11215#657", "t_node": "11215#658", "length": 14.2208482104118, "degree": 5.99, "width": 1.0, "type": 90, "braille": 0, "w_bicycle": 0 }, "geometry": { "type": "MultiLineString", "coordinates": [ [ [ 962445.17000000004191, 1949463.42 ], [ 962431.199999999953434, 1949466.05 ] ] ] } },
{ "type": "Feature", "properties": { "uid": "11215#295", "sig_cd": 11215, "f_node": "11215#167", "t_node": "11215#398", "length": 32.6742568143531, "degree": 9.99, "width": 1.0, "type": 0, "braille": 1, "w_bicycle": 0 }, "geometry": { "type": "MultiLineString", "coordinates": [ [ [ 963146.479999999981374, 1948850.360000000102445 ], [ 963174.449999999953434, 1948851.67 ], [ 963179.10999999998603, 1948851.57 ] ] ] } },
{ "type": "Feature", "properties": { "uid": "11215#296", "sig_cd": 11215, "f_node": "11215#188", "t_node": "11215#508", "length": 20.344778898890802, "degree": 4.99, "width": 1.0, "type": 0, "braille": 0, "w_bicycle": 0 }, "geometry": { "type": "MultiLineString", "coordinates": [ [ [ 962894.21999999997206, 1949289.48 ], [ 962914.32999999995809, 1949286.45 ] ] ] } },
{ "type": "Feature", "properties": { "uid": "11215#290", "sig_cd": 11215, "f_node": "11215#2", "t_node": "11215#143", "length": 16.777939857915701, "degree": 0.0, "width": 1.0, "type": 0, "braille": 1, "w_bicycle": 0 }, "geometry": { "type": "MultiLineString", "coordinates": [ [ [ 962825.24, 1948794.860000000102445 ], [ 962809.25, 1948799.92 ] ] ] } },
{ "type": "Feature", "properties": { "uid": "11215#291", "sig_cd": 11215, "f_node": "11215#37", "t_node": "11215#845", "length": 2.2800609082288599, "degree": 0.0, "width": 1.0, "type": 0, "braille": 0, "w_bicycle": 0 }, "geometry": { "type": "MultiLineString", "coordinates": [ [ [ 962718.35999999998603, 1949476.25 ], [ 962718.87, 1949474.03 ] ] ] } },
{ "type": "Feature", "properties": { "uid": "11215#292", "sig_cd": 11215, "f_node": "11215#562", "t_node": "11215#563", "length": 2.5884415566649701, "degree": 0.0, "width": 1.0, "type": 0, "braille": 0, "w_bicycle": 0 }, "geometry": { "type": "MultiLineString", "coordinates": [ [ [ 962731.92000000004191, 1949445.6 ], [ 962734.49, 1949445.3 ] ] ] } },
{ "type": "Feature", "properties": { "uid": "11215#279", "sig_cd": 11215, "f_node": "11215#462", "t_node": "11215#476", "length": 18.718337217500299, "degree": 0.0, "width": 1.0, "type": 0, "braille": 0, "w_bicycle": 0 }, "geometry": { "type": "MultiLineString", "coordinates": [ [ [ 962247.910000000032596, 1949099.81 ], [ 962264.819999999948777, 1949091.8 ] ] ] } },
{ "type": "Feature", "properties": { "uid": "11215#286", "sig_cd": 11215, "f_node": "11215#23", "t_node": "11215#689", "length": 87.161678453113495, "degree": 2.61262911737232, "width": 1.0, "type": 0, "braille": 0, "w_bicycle": 0 }, "geometry": { "type": "MultiLineString", "coordinates": [ [ [ 962207.35999999998603, 1949101.47 ], [ 962190.51, 1949057.35 ], [ 962176.88, 1949019.85 ] ] ] } },
{ "type": "Feature", "properties": { "uid": "11215#287", "sig_cd": 11215, "f_node": "11215#26", "t_node": "11215#570", "length": 18.925523598896401, "degree": 4.99, "width": 1.0, "type": 0, "braille": 0, "w_bicycle": 0 }, "geometry": { "type": "MultiLineString", "coordinates": [ [ [ 962607.709999999962747, 1949426.99 ], [ 962594.57999999995809, 1949440.610000000102445 ] ] ] } },
{ "type": "Feature", "properties": { "uid": "11215#288", "sig_cd": 11215, "f_node": "11215#108", "t_node": "11215#847", "length": 3.5990694560070602, "degree": 0.0, "width": 1.0, "type": 0, "braille": 0, "w_bicycle": 1 }, "geometry": { "type": "MultiLineString", "coordinates": [ [ [ 962386.540000000037253, 1949026.21 ], [ 962385.589999999967404, 1949029.68 ] ] ] } },
{ "type": "Feature", "properties": { "uid": "11215#289", "sig_cd": 11215, "f_node": "11215#848", "t_node": "11215#849", "length": 9.2763736160588692, "degree": 2.0780425527789199, "width": 1.0, "type": 0, "braille": 0, "w_bicycle": 0 }, "geometry": { "type": "MultiLineString", "coordinates": [ [ [ 962254.189999999944121, 1949015.51 ], [ 962262.569999999948777, 1949019.48 ] ] ] } },
{ "type": "Feature", "properties": { "uid": "11215#282", "sig_cd": 11215, "f_node": "11215#854", "t_node": "11215#855", "length": 9.7388577475465503, "degree": 4.99, "width": 1.0, "type": 0, "braille": 0, "w_bicycle": 0 }, "geometry": { "type": "MultiLineString", "coordinates": [ [ [ 962352.26, 1949172.67 ], [ 962360.540000000037253, 1949177.79 ] ] ] } },
{ "type": "Feature", "properties": { "uid": "11215#283", "sig_cd": 11215, "f_node": "11215#850", "t_node": "11215#851", "length": 19.320926597499199, "degree": 0.0, "width": 1.0, "type": 0, "braille": 0, "w_bicycle": 0 }, "geometry": { "type": "MultiLineString", "coordinates": [ [ [ 962320.020000000018626, 1949309.54 ], [ 962327.040000000037253, 1949327.53 ] ] ] } },
{ "type": "Feature", "properties": { "uid": "11215#284", "sig_cd": 11215, "f_node": "11215#704", "t_node": "11215#852", "length": 22.233580521759201, "degree": 2.2143915484638099, "width": 1.0, "type": 0, "braille": 1, "w_bicycle": 0 }, "geometry": { "type": "MultiLineString", "coordinates": [ [ [ 962316.040000000037253, 1949338.9 ], [ 962324.71999999997206, 1949359.360000000102445 ] ] ] } },
{ "type": "Feature", "properties": { "uid": "11215#285", "sig_cd": 11215, "f_node": "11215#671", "t_node": "11215#849", "length": 22.698796002981201, "degree": 2.0780425527789199, "width": 1.0, "type": 0, "braille": 0, "w_bicycle": 0 }, "geometry": { "type": "MultiLineString", "coordinates": [ [ [ 962262.569999999948777, 1949019.48 ], [ 962270.99, 1949040.55 ] ] ] } },
{ "type": "Feature", "properties": { "uid": "11215#280", "sig_cd": 11215, "f_node": "11215#697", "t_node": "11215#857", "length": 4.1091866596408604, "degree": 5.99, "width": 1.0, "type": 90, "braille": 0, "w_bicycle": 0 }, "geometry": { "type": "MultiLineString", "coordinates": [ [ [ 962317.819999999948777, 1949293.52 ], [ 962321.64000000001397, 1949292.01 ] ] ] } },
{ "type": "Feature", "properties": { "uid": "11215#281", "sig_cd": 11215, "f_node": "11215#855", "t_node": "11215#856", "length": 3.4730716804116599, "degree": 5.99, "width": 1.0, "type": 90, "braille": 0, "w_bicycle": 0 }, "geometry": { "type": "MultiLineString", "coordinates": [ [ [ 962360.540000000037253, 1949177.79 ], [ 962363.729999999981374, 1949176.42 ] ] ] } },
{ "type": "Feature", "properties": { "uid": "11215#28", "sig_cd": 11215, "f_node": "11215#149", "t_node": "11215#415", "length": 7.1159055345906896, "degree": 0.0, "width": 1.0, "type": 0, "braille": 0, "w_bicycle": 0 }, "geometry": { "type": "MultiLineString", "coordinates": [ [ [ 963194.39000000001397, 1949133.75 ], [ 963192.96999999997206, 1949126.78 ] ] ] } },
{ "type": "Feature", "properties": { "uid": "11215#29", "sig_cd": 11215, "f_node": "11215#24", "t_node": "11215#924", "length": 27.9764888701927, "degree": 1.3113682646507501, "width": 1.0, "type": 0, "braille": 0, "w_bicycle": 0 }, "geometry": { "type": "MultiLineString", "coordinates": [ [ [ 962391.62, 1949041.93 ], [ 962365.26, 1949051.27 ] ] ] } },
{ "type": "Feature", "properties": { "uid": "11215#24", "sig_cd": 11215, "f_node": "11215#109", "t_node": "11215#834", "length": 21.2003196700954, "degree": 1.28095050479899, "width": 1.0, "type": 0, "braille": 1, "w_bicycle": 0 }, "geometry": { "type": "MultiLineString", "coordinates": [ [ [ 962409.599999999976717, 1949036.03 ], [ 962420.439999999944121, 1949054.24 ] ] ] } },
{ "type": "Feature", "properties": { "uid": "11215#25", "sig_cd": 11215, "f_node": "11215#6", "t_node": "11215#7", "length": 84.353754712007003, "degree": 3.3921915662664399, "width": 1.0, "type": 0, "braille": 1, "w_bicycle": 1 }, "geometry": { "type": "MultiLineString", "coordinates": [ [ [ 962293.089999999967404, 1949596.92 ], [ 962305.729999999981374, 1949630.31 ], [ 962322.459999999962747, 1949675.96 ] ] ] } },
{ "type": "Feature", "properties": { "uid": "11215#26", "sig_cd": 11215, "f_node": "11215#31", "t_node": "11215#326", "length": 8.1916272536327401, "degree": 0.0, "width": 1.0, "type": 0, "braille": 1, "w_bicycle": 0 }, "geometry": { "type": "MultiLineString", "coordinates": [ [ [ 962593.560000000055879, 1949314.82 ], [ 962594.10999999998603, 1949322.99 ] ] ] } },
{ "type": "Feature", "properties": { "uid": "11215#27", "sig_cd": 11215, "f_node": "11215#426", "t_node": "11215#428", "length": 6.6836691052964197, "degree": 4.99, "width": 1.0, "type": 0, "braille": 0, "w_bicycle": 0 }, "geometry": { "type": "MultiLineString", "coordinates": [ [ [ 963113.26, 1949615.83 ], [ 963119.900000000023283, 1949616.57 ] ] ] } },
{ "type": "Feature", "properties": { "uid": "11215#20", "sig_cd": 11215, "f_node": "11215#788", "t_node": "11215#879", "length": 6.8811941810454398, "degree": 0.0, "width": 1.0, "type": 0, "braille": 0, "w_bicycle": 0 }, "geometry": { "type": "MultiLineString", "coordinates": [ [ [ 962512.03000000002794, 1949231.129999999888241 ], [ 962505.57999999995809, 1949233.52 ] ] ] } },
{ "type": "Feature", "properties": { "uid": "11215#21", "sig_cd": 11215, "f_node": "11215#9", "t_node": "11215#157", "length": 76.09335355185172, "degree": 3.0090981253156199, "width": 1.0, "type": 0, "braille": 0, "w_bicycle": 0 }, "geometry": { "type": "MultiLineString", "coordinates": [ [ [ 962820.540000000037253, 1949644.620000000111759 ], [ 962854.050000000046566, 1949636.97 ], [ 962895.53000000002794, 1949632.77 ] ] ] } },
{ "type": "Feature", "properties": { "uid": "11215#22", "sig_cd": 11215, "f_node": "11215#151", "t_node": "11215#418", "length": 4.4933365156035903, "degree": 0.0, "width": 1.0, "type": 0, "braille": 0, "w_bicycle": 0 }, "geometry": { "type": "MultiLineString", "coordinates": [ [ [ 963216.910000000032596, 1949201.2 ], [ 963216.300000000046566, 1949196.75 ] ] ] } },
{ "type": "Feature", "properties": { "uid": "11215#23", "sig_cd": 11215, "f_node": "11215#28", "t_node": "11215#195", "length": 41.7932964624056, "degree": 2.7045250194164301, "width": 1.0, "type": 0, "braille": 0, "w_bicycle": 0 }, "geometry": { "type": "MultiLineString", "coordinates": [ [ [ 962566.979999999981374, 1949394.27 ], [ 962607.900000000023283, 1949385.85 ] ] ] } },
{ "type": "Feature", "properties": { "uid": "11215#17", "sig_cd": 11215, "f_node": "11215#15", "t_node": "11215#59", "length": 59.749842978812303, "degree": 0.95883818057672998, "width": 1.0, "type": 0, "braille": 1, "w_bicycle": 0 }, "geometry": { "type": "MultiLineString", "coordinates": [ [ [ 962888.939999999944121, 1948773.76 ], [ 962848.430000000051223, 1948786.08 ], [ 962832.459999999962747, 1948792.95 ] ] ] } },
{ "type": "Feature", "properties": { "uid": "11215#18", "sig_cd": 11215, "f_node": "11215#39", "t_node": "11215#179", "length": 46.578615166825301, "degree": 1.2298987162161501, "width": 1.0, "type": 0, "braille": 0, "w_bicycle": 0 }, "geometry": { "type": "MultiLineString", "coordinates": [ [ [ 962735.930000000051223, 1949487.77 ], [ 962736.400000000023283, 1949493.47 ], [ 962741.67000000004191, 1949533.97 ] ] ] } },
{ "type": "Feature", "properties": { "uid": "11215#19", "sig_cd": 11215, "f_node": "11215#6", "t_node": "11215#435", "length": 21.850292551527101, "degree": 0.0, "width": 1.0, "type": 0, "braille": 1, "w_bicycle": 1 }, "geometry": { "type": "MultiLineString", "coordinates": [ [ [ 962322.459999999962747, 1949675.96 ], [ 962332.199999999953434, 1949695.51 ] ] ] } },
{ "type": "Feature", "properties": { "uid": "11215#13", "sig_cd": 11215, "f_node": "11215#117", "t_node": "11215#120", "length": 48.884857434046602, "degree": 0.0, "width": 1.0, "type": 0, "braille": 1, "w_bicycle": 0 }, "geometry": { "type": "MultiLineString", "coordinates": [ [ [ 962227.150000000023283, 1949146.5 ], [ 962221.939999999944121, 1949131.879999999888241 ], [ 962210.550000000046566, 1949100.54 ] ] ] } },
{ "type": "Feature", "properties": { "uid": "11215#14", "sig_cd": 11215, "f_node": "11215#335", "t_node": "11215#432", "length": 46.1876397358931, "degree": 4.9496513949253798, "width": 1.0, "type": 0, "braille": 1, "w_bicycle": 0 }, "geometry": { "type": "MultiLineString", "coordinates": [ [ [ 962396.21999999997206, 1949836.94 ], [ 962438.660000000032596, 1949818.76 ] ] ] } },
{ "type": "Feature", "properties": { "uid": "11215#15", "sig_cd": 11215, "f_node": "11215#67", "t_node": "11215#419", "length": 4.0060457088056598, "degree": 0.0, "width": 1.0, "type": 0, "braille": 0, "w_bicycle": 0 }, "geometry": { "type": "MultiLineString", "coordinates": [ [ [ 963246.51, 1949284.47 ], [ 963244.459999999962747, 1949281.03 ] ] ] } },
{ "type": "Feature", "properties": { "uid": "11215#16", "sig_cd": 11215, "f_node": "11215#745", "t_node": "11215#746", "length": 3.6914682383153998, "degree": 0.0, "width": 1.0, "type": 0, "braille": 0, "w_bicycle": 0 }, "geometry": { "type": "MultiLineString", "coordinates": [ [ [ 962918.199999999953434, 1949295.49 ], [ 962921.85999999998603, 1949295.02 ] ] ] } },
{ "type": "Feature", "properties": { "uid": "11215#10", "sig_cd": 11215, "f_node": "11215#398", "t_node": "11215#399", "length": 3.9561590973750298, "degree": 0.0, "width": 1.0, "type": 0, "braille": 1, "w_bicycle": 0 }, "geometry": { "type": "MultiLineString", "coordinates": [ [ [ 963179.10999999998603, 1948851.57 ], [ 963179.449999999953434, 1948847.629999999888241 ] ] ] } },
{ "type": "Feature", "properties": { "uid": "11215#11", "sig_cd": 11215, "f_node": "11215#50", "t_node": "11215#576", "length": 11.0048664054878, "degree": 0.0, "width": 1.0, "type": 0, "braille": 0, "w_bicycle": 0 }, "geometry": { "type": "MultiLineString", "coordinates": [ [ [ 962553.540000000037253, 1949398.68 ], [ 962557.660000000032596, 1949388.48 ] ] ] } },
{ "type": "Feature", "properties": { "uid": "11215#12", "sig_cd": 11215, "f_node": "11215#108", "t_node": "11215#475", "length": 43.233553124263501, "degree": 2.6115550361095199, "width": 1.0, "type": 0, "braille": 0, "w_bicycle": 0 }, "geometry": { "type": "MultiLineString", "coordinates": [ [ [ 962385.589999999967404, 1949029.68 ], [ 962368.959999999962747, 1949036.85 ], [ 962345.74, 1949046.4 ] ] ] } },
{ "type": "Feature", "properties": { "uid": "11215#46", "sig_cd": 11215, "f_node": "11215#150", "t_node": "11215#417", "length": 4.8861840903290101, "degree": 0.0, "width": 1.0, "type": 0, "braille": 0, "w_bicycle": 0 }, "geometry": { "type": "MultiLineString", "coordinates": [ [ [ 963209.39000000001397, 1949179.26 ], [ 963208.599999999976717, 1949174.44 ] ] ] } },
{ "type": "Feature", "properties": { "uid": "11215#47", "sig_cd": 11215, "f_node": "11215#656", "t_node": "11215#657", "length": 6.7592199594553701, "degree": 0.0, "width": 1.0, "type": 0, "braille": 0, "w_bicycle": 0 }, "geometry": { "type": "MultiLineString", "coordinates": [ [ [ 962431.199999999953434, 1949466.05 ], [ 962432.449999999953434, 1949472.69 ] ] ] } },
{ "type": "Feature", "properties": { "uid": "11215#48", "sig_cd": 11215, "f_node": "11215#182", "t_node": "11215#719", "length": 25.426118931522002, "degree": 2.2520653284605499, "width": 1.0, "type": 0, "braille": 0, "w_bicycle": 0 }, "geometry": { "type": "MultiLineString", "coordinates": [ [ [ 962794.979999999981374, 1949480.82 ], [ 962769.930000000051223, 1949476.52 ] ] ] } },
{ "type": "Feature", "properties": { "uid": "11215#49", "sig_cd": 11215, "f_node": "11215#186", "t_node": "11215#736", "length": 16.421330901832299, "degree": 3.4848035361511398, "width": 1.0, "type": 0, "braille": 0, "w_bicycle": 0 }, "geometry": { "type": "MultiLineString", "coordinates": [ [ [ 962827.88, 1949297.26 ], [ 962844.180000000051223, 1949295.32 ] ] ] } },
{ "type": "Feature", "properties": { "uid": "11215#42", "sig_cd": 11215, "f_node": "11215#662", "t_node": "11215#691", "length": 4.4509728182658304, "degree": 5.99, "width": 1.0, "type": 90, "braille": 0, "w_bicycle": 0 }, "geometry": { "type": "MultiLineString", "coordinates": [ [ [ 962491.689999999944121, 1949208.71 ], [ 962487.63, 1949206.889999999897555 ] ] ] } },
{ "type": "Feature", "properties": { "uid": "11215#43", "sig_cd": 11215, "f_node": "11215#95", "t_node": "11215#178", "length": 53.559430826205997, "degree": 4.1664104284301402, "width": 1.0, "type": 0, "braille": 1, "w_bicycle": 0 }, "geometry": { "type": "MultiLineString", "coordinates": [ [ [ 962663.5, 1949470.23 ], [ 962692.300000000046566, 1949466.360000000102445 ], [ 962716.540000000037253, 1949462.94 ] ] ] } },
{ "type": "Feature", "properties": { "uid": "11215#44", "sig_cd": 11215, "f_node": "11215#795", "t_node": "11215#796", "length": 35.22842291031931, "degree": 0.0, "width": 1.0, "type": 0, "braille": 0, "w_bicycle": 0 }, "geometry": { "type": "MultiLineString", "coordinates": [ [ [ 962330.680000000051223, 1949508.04 ], [ 962341.38, 1949541.59 ] ] ] } },
{ "type": "Feature", "properties": { "uid": "11215#45", "sig_cd": 11215, "f_node": "11215#658", "t_node": "11215#659", "length": 22.553609192701501, "degree": 5.99, "width": 1.0, "type": 90, "braille": 0, "w_bicycle": 0 }, "geometry": { "type": "MultiLineString", "coordinates": [ [ [ 962445.17000000004191, 1949463.42 ], [ 962454.42000000004191, 1949442.860000000102445 ] ] ] } },
{ "type": "Feature", "properties": { "uid": "11215#40", "sig_cd": 11215, "f_node": "11215#641", "t_node": "11215#778", "length": 4.8145348675463699, "degree": 4.99, "width": 1.0, "type": 0, "braille": 0, "w_bicycle": 0 }, "geometry": { "type": "MultiLineString", "coordinates": [ [ [ 962762.339999999967404, 1949190.620000000111759 ], [ 962761.78000000002794, 1949185.84 ] ] ] } },
{ "type": "Feature", "properties": { "uid": "11215#41", "sig_cd": 11215, "f_node": "11215#15", "t_node": "11215#391", "length": 3.86594688978583, "degree": 0.0, "width": 1.0, "type": 0, "braille": 0, "w_bicycle": 0 }, "geometry": { "type": "MultiLineString", "coordinates": [ [ [ 962828.92000000004191, 1948794.5 ], [ 962832.459999999962747, 1948792.95 ] ] ] } },
{ "type": "Feature", "properties": { "uid": "11215#39", "sig_cd": 11215, "f_node": "11215#127", "t_node": "11215#360", "length": 27.9785166108806, "degree": 4.0887432974358804, "width": 1.0, "type": 0, "braille": 0, "w_bicycle": 0 }, "geometry": { "type": "MultiLineString", "coordinates": [ [ [ 962748.319999999948777, 1949184.41 ], [ 962750.290000000037253, 1949197.58 ], [ 962752.39000000001397, 1949212.08 ] ] ] } },
{ "type": "Feature", "properties": { "uid": "11215#35", "sig_cd": 11215, "f_node": "11215#207", "t_node": "11215#629", "length": 79.889900451051602, "degree": 4.9338482848542897, "width": 1.0, "type": 0, "braille": 1, "w_bicycle": 0 }, "geometry": { "type": "MultiLineString", "coordinates": [ [ [ 962586.57999999995809, 1949649.6 ], [ 962589.63, 1949640.01 ], [ 962595.709999999962747, 1949619.26 ], [ 962599.930000000051223, 1949603.56 ], [ 962602.78000000002794, 1949587.52 ], [ 962605.589999999967404, 1949572.15 ] ] ] } },
{ "type": "Feature", "properties": { "uid": "11215#36", "sig_cd": 11215, "f_node": "11215#50", "t_node": "11215#573", "length": 48.339843057609997, "degree": 4.99, "width": 1.0, "type": 0, "braille": 0, "w_bicycle": 0 }, "geometry": { "type": "MultiLineString", "coordinates": [ [ [ 962548.020000000018626, 1949341.129999999888241 ], [ 962557.660000000032596, 1949388.48 ] ] ] } },
{ "type": "Feature", "properties": { "uid": "11215#37", "sig_cd": 11215, "f_node": "11215#39", "t_node": "11215#579", "length": 108.677089216526, "degree": 1.58123206266398, "width": 1.0, "type": 0, "braille": 0, "w_bicycle": 0 }, "geometry": { "type": "MultiLineString", "coordinates": [ [ [ 962628.32999999995809, 1949502.610000000102445 ], [ 962636.680000000051223, 1949500.94 ], [ 962678.939999999944121, 1949495.25 ], [ 962735.930000000051223, 1949487.77 ] ] ] } },
{ "type": "Feature", "properties": { "uid": "11215#38", "sig_cd": 11215, "f_node": "11215#134", "t_node": "11215#185", "length": 23.390852310640799, "degree": 0.0, "width": 1.0, "type": 0, "braille": 0, "w_bicycle": 0 }, "geometry": { "type": "MultiLineString", "coordinates": [ [ [ 962796.849999999976717, 1949301.01 ], [ 962820.060000000055879, 1949298.18 ] ] ] } },
{ "type": "Feature", "properties": { "uid": "11215#31", "sig_cd": 11215, "f_node": "11215#138", "t_node": "11215#173", "length": 8.0918170663556008, "degree": 0.0, "width": 1.0, "type": 0, "braille": 1, "w_bicycle": 0 }, "geometry": { "type": "MultiLineString", "coordinates": [ [ [ 962500.38, 1949462.860000000102445 ], [ 962508.449999999953434, 1949463.41 ] ] ] } },
{ "type": "Feature", "properties": { "uid": "11215#32", "sig_cd": 11215, "f_node": "11215#136", "t_node": "11215#503", "length": 74.032560679834603, "degree": 1.56636261652975, "width": 1.0, "type": 0, "braille": 1, "w_bicycle": 0 }, "geometry": { "type": "MultiLineString", "coordinates": [ [ [ 962708.71999999997206, 1949393.95 ], [ 962698.680000000051223, 1949320.629999999888241 ] ] ] } },
{ "type": "Feature", "properties": { "uid": "11215#33", "sig_cd": 11215, "f_node": "11215#94", "t_node": "11215#888", "length": 30.662021064607401, "degree": 4.99, "width": 1.0, "type": 0, "braille": 0, "w_bicycle": 0 }, "geometry": { "type": "MultiLineString", "coordinates": [ [ [ 962734.589999999967404, 1949472.41 ], [ 962765.050000000046566, 1949475.82 ] ] ] } },
{ "type": "Feature", "properties": { "uid": "11215#34", "sig_cd": 11215, "f_node": "11215#76", "t_node": "11215#152", "length": 76.071904002387498, "degree": 0.75313586942810995, "width": 1.0, "type": 0, "braille": 0, "w_bicycle": 0 }, "geometry": { "type": "MultiLineString", "coordinates": [ [ [ 963243.849999999976717, 1949277.33 ], [ 963231.650000000023283, 1949240.92 ], [ 963219.32999999995809, 1949205.35 ] ] ] } },
{ "type": "Feature", "properties": { "uid": "11215#30", "sig_cd": 11215, "f_node": "11215#181", "t_node": "11215#583", "length": 26.5718504255202, "degree": 0.0, "width": 1.0, "type": 0, "braille": 0, "w_bicycle": 0 }, "geometry": { "type": "MultiLineString", "coordinates": [ [ [ 962764.35999999998603, 1949583.41 ], [ 962790.849999999976717, 1949581.46 ] ] ] } },
{ "type": "Feature", "properties": { "uid": "11215#68", "sig_cd": 11215, "f_node": "11215#811", "t_node": "11215#812", "length": 18.917013454138299, "degree": 4.99, "width": 1.0, "type": 0, "braille": 0, "w_bicycle": 0 }, "geometry": { "type": "MultiLineString", "coordinates": [ [ [ 962300.57999999995809, 1949063.95 ], [ 962293.439999999944121, 1949046.44 ] ] ] } },
{ "type": "Feature", "properties": { "uid": "11215#69", "sig_cd": 11215, "f_node": "11215#444", "t_node": "11215#854", "length": 17.2815694500113, "degree": 4.99, "width": 1.0, "type": 0, "braille": 0, "w_bicycle": 0 }, "geometry": { "type": "MultiLineString", "coordinates": [ [ [ 962337.569999999948777, 1949163.58 ], [ 962352.26, 1949172.67 ] ] ] } },
{ "type": "Feature", "properties": { "uid": "11215#64", "sig_cd": 11215, "f_node": "11215#445", "t_node": "11215#652", "length": 35.733945057223202, "degree": 1.60298085249698, "width": 1.0, "type": 0, "braille": 1, "w_bicycle": 0 }, "geometry": { "type": "MultiLineString", "coordinates": [ [ [ 962278.900000000023283, 1949340.72 ], [ 962306.319999999948777, 1949330.34 ], [ 962312.290000000037253, 1949328.03 ] ] ] } },
{ "type": "Feature", "properties": { "uid": "11215#65", "sig_cd": 11215, "f_node": "11215#770", "t_node": "11215#771", "length": 4.5626462259627401, "degree": 0.0, "width": 1.0, "type": 0, "braille": 0, "w_bicycle": 0 }, "geometry": { "type": "MultiLineString", "coordinates": [ [ [ 962838.689999999944121, 1949164.85 ], [ 962838.160000000032596, 1949160.32 ] ] ] } },
{ "type": "Feature", "properties": { "uid": "11215#66", "sig_cd": 11215, "f_node": "11215#127", "t_node": "11215#727", "length": 4.4119047308459596, "degree": 0.0, "width": 1.0, "type": 0, "braille": 0, "w_bicycle": 0 }, "geometry": { "type": "MultiLineString", "coordinates": [ [ [ 962752.39000000001397, 1949212.08 ], [ 962747.99, 1949212.379999999888241 ] ] ] } },
{ "type": "Feature", "properties": { "uid": "11215#67", "sig_cd": 11215, "f_node": "11215#156", "t_node": "11215#165", "length": 195.085736528702, "degree": 2.9343855282514402, "width": 1.0, "type": 0, "braille": 1, "w_bicycle": 0 }, "geometry": { "type": "MultiLineString", "coordinates": [ [ [ 962913.85999999998603, 1949631.07 ], [ 962925.040000000037253, 1949630.76 ], [ 962969.839999999967404, 1949627.58 ], [ 963028.57999999995809, 1949622.66 ], [ 963090.339999999967404, 1949618.01 ], [ 963108.349999999976717, 1949617.09 ] ] ] } },
{ "type": "Feature", "properties": { "uid": "11215#60", "sig_cd": 11215, "f_node": "11215#783", "t_node": "11215#784", "length": 8.0182358148149895, "degree": 5.99, "width": 1.0, "type": 90, "braille": 0, "w_bicycle": 0 }, "geometry": { "type": "MultiLineString", "coordinates": [ [ [ 962656.32999999995809, 1948992.31 ], [ 962655.310000000055879, 1949000.26 ] ] ] } },
{ "type": "Feature", "properties": { "uid": "11215#61", "sig_cd": 11215, "f_node": "11215#654", "t_node": "11215#655", "length": 11.1727711351057, "degree": 4.99, "width": 1.0, "type": 0, "braille": 0, "w_bicycle": 0 }, "geometry": { "type": "MultiLineString", "coordinates": [ [ [ 962215.78000000002794, 1949275.71 ], [ 962226.150000000023283, 1949279.870000000111759 ] ] ] } },
{ "type": "Feature", "properties": { "uid": "11215#62", "sig_cd": 11215, "f_node": "11215#502", "t_node": "11215#506", "length": 36.704909572813001, "degree": 3.1188839347262198, "width": 1.0, "type": 0, "braille": 0, "w_bicycle": 0 }, "geometry": { "type": "MultiLineString", "coordinates": [ [ [ 962715.800000000046566, 1949304.6 ], [ 962752.21999999997206, 1949300.15 ] ] ] } },
{ "type": "Feature", "properties": { "uid": "11215#63", "sig_cd": 11215, "f_node": "11215#21", "t_node": "11215#655", "length": 19.469968481069401, "degree": 0.0, "width": 1.0, "type": 0, "braille": 0, "w_bicycle": 0 }, "geometry": { "type": "MultiLineString", "coordinates": [ [ [ 962208.209999999962747, 1949257.78 ], [ 962215.78000000002794, 1949275.71 ] ] ] } },
{ "type": "Feature", "properties": { "uid": "11215#70", "sig_cd": 11215, "f_node": "11215#763", "t_node": "11215#764", "length": 2.05485586905507, "degree": 5.99, "width": 1.0, "type": 90, "braille": 0, "w_bicycle": 0 }, "geometry": { "type": "MultiLineString", "coordinates": [ [ [ 962776.959999999962747, 1948960.379999999888241 ], [ 962777.199999999953434, 1948958.34 ] ] ] } },
{ "type": "Feature", "properties": { "uid": "11215#57", "sig_cd": 11215, "f_node": "11215#348", "t_node": "11215#349", "length": 45.9590893444364, "degree": 0.0, "width": 1.0, "type": 0, "braille": 0, "w_bicycle": 0 }, "geometry": { "type": "MultiLineString", "coordinates": [ [ [ 962768.979999999981374, 1949175.54 ], [ 962776.62, 1949174.620000000111759 ], [ 962814.459999999962747, 1949169.06 ] ] ] } },
{ "type": "Feature", "properties": { "uid": "11215#58", "sig_cd": 11215, "f_node": "11215#181", "t_node": "11215#584", "length": 15.3835013830774, "degree": 0.0, "width": 1.0, "type": 0, "braille": 0, "w_bicycle": 0 }, "geometry": { "type": "MultiLineString", "coordinates": [ [ [ 962790.849999999976717, 1949581.46 ], [ 962805.099999999976717, 1949575.68 ] ] ] } },
{ "type": "Feature", "properties": { "uid": "11215#59", "sig_cd": 11215, "f_node": "11215#119", "t_node": "11215#438", "length": 28.5424771565554, "degree": 4.99, "width": 1.0, "type": 0, "braille": 1, "w_bicycle": 0 }, "geometry": { "type": "MultiLineString", "coordinates": [ [ [ 962168.180000000051223, 1949256.21 ], [ 962195.07999999995809, 1949246.7 ] ] ] } },
{ "type": "Feature", "properties": { "uid": "11215#53", "sig_cd": 11215, "f_node": "11215#781", "t_node": "11215#782", "length": 2.95959544349639, "degree": 5.99, "width": 1.0, "type": 90, "braille": 0, "w_bicycle": 0 }, "geometry": { "type": "MultiLineString", "coordinates": [ [ [ 962713.28000000002794, 1949282.79 ], [ 962712.949999999953434, 1949279.85 ] ] ] } },
{ "type": "Feature", "properties": { "uid": "11215#54", "sig_cd": 11215, "f_node": "11215#738", "t_node": "11215#741", "length": 3.4120105324274199, "degree": 5.99, "width": 1.0, "type": 90, "braille": 0, "w_bicycle": 0 }, "geometry": { "type": "MultiLineString", "coordinates": [ [ [ 962874.0, 1949297.51 ], [ 962874.270000000018626, 1949300.91 ] ] ] } },
{ "type": "Feature", "properties": { "uid": "11215#55", "sig_cd": 11215, "f_node": "11215#124", "t_node": "11215#681", "length": 6.9253366819393101, "degree": 0.0, "width": 1.0, "type": 0, "braille": 1, "w_bicycle": 0 }, "geometry": { "type": "MultiLineString", "coordinates": [ [ [ 962396.76, 1949000.08 ], [ 962397.319999999948777, 1949006.98 ] ] ] } },
{ "type": "Feature", "properties": { "uid": "11215#56", "sig_cd": 11215, "f_node": "11215#103", "t_node": "11215#504", "length": 5.0563692894114398, "degree": 0.0, "width": 1.0, "type": 0, "braille": 1, "w_bicycle": 0 }, "geometry": { "type": "MultiLineString", "coordinates": [ [ [ 962646.689999999944121, 1949327.120000000111759 ], [ 962641.71999999997206, 1949328.04 ] ] ] } },
{ "type": "Feature", "properties": { "uid": "11215#50", "sig_cd": 11215, "f_node": "11215#328", "t_node": "11215#511", "length": 7.8097897877328704, "degree": 5.99, "width": 1.0, "type": 90, "braille": 0, "w_bicycle": 0 }, "geometry": { "type": "MultiLineString", "coordinates": [ [ [ 962900.21999999997206, 1949157.07 ], [ 962907.96999999997206, 1949156.129999999888241 ] ] ] } },
{ "type": "Feature", "properties": { "uid": "11215#51", "sig_cd": 11215, "f_node": "11215#2", "t_node": "11215#390", "length": 23.943405973248201, "degree": 0.0, "width": 1.0, "type": 0, "braille": 1, "w_bicycle": 0 }, "geometry": { "type": "MultiLineString", "coordinates": [ [ [ 962809.25, 1948799.92 ], [ 962786.39000000001397, 1948807.01 ] ] ] } },
{ "type": "Feature", "properties": { "uid": "11215#52", "sig_cd": 11215, "f_node": "11215#773", "t_node": "11215#774", "length": 45.759424605236802, "degree": 0.0, "width": 1.0, "type": 0, "braille": 0, "w_bicycle": 0 }, "geometry": { "type": "MultiLineString", "coordinates": [ [ [ 962852.069999999948777, 1949148.56 ], [ 962847.089999999967404, 1949103.09 ] ] ] } },
{ "type": "Feature", "properties": { "uid": "11215#86", "sig_cd": 11215, "f_node": "11215#155", "t_node": "11215#427", "length": 3.0384334230330898, "degree": 0.0, "width": 1.0, "type": 0, "braille": 0, "w_bicycle": 0 }, "geometry": { "type": "MultiLineString", "coordinates": [ [ [ 963290.020000000018626, 1949601.6 ], [ 963287.46999999997206, 1949603.25 ] ] ] } },
{ "type": "Feature", "properties": { "uid": "11215#87", "sig_cd": 11215, "f_node": "11215#707", "t_node": "11215#708", "length": 7.7711221130228596, "degree": 0.0, "width": 1.0, "type": 0, "braille": 0, "w_bicycle": 0 }, "geometry": { "type": "MultiLineString", "coordinates": [ [ [ 962759.319999999948777, 1949314.67 ], [ 962752.35999999998603, 1949318.120000000111759 ] ] ] } },
{ "type": "Feature", "properties": { "uid": "11215#88", "sig_cd": 11215, "f_node": "11215#729", "t_node": "11215#730", "length": 3.4843789000346201, "degree": 5.99, "width": 1.0, "type": 90, "braille": 0, "w_bicycle": 0 }, "geometry": { "type": "MultiLineString", "coordinates": [ [ [ 962775.689999999944121, 1949232.3 ], [ 962779.150000000023283, 1949231.9 ] ] ] } },
{ "type": "Feature", "properties": { "uid": "11215#89", "sig_cd": 11215, "f_node": "11215#163", "t_node": "11215#431", "length": 6.4781334170872897, "degree": 0.0, "width": 1.0, "type": 0, "braille": 0, "w_bicycle": 0 }, "geometry": { "type": "MultiLineString", "coordinates": [ [ [ 962500.959999999962747, 1949782.139999999897555 ], [ 962507.42000000004191, 1949782.59 ] ] ] } },
{ "type": "Feature", "properties": { "uid": "11215#82", "sig_cd": 11215, "f_node": "11215#23", "t_node": "11215#121", "length": 51.0034674941029, "degree": 0.0, "width": 1.0, "type": 0, "braille": 1, "w_bicycle": 1 }, "geometry": { "type": "MultiLineString", "coordinates": [ [ [ 962224.01, 1949000.43 ], [ 962202.03000000002794, 1949008.95 ], [ 962176.88, 1949019.85 ] ] ] } },
{ "type": "Feature", "properties": { "uid": "11215#83", "sig_cd": 11215, "f_node": "11215#393", "t_node": "11215#394", "length": 18.121583717063299, "degree": 3.1585389272412399, "width": 1.0, "type": 0, "braille": 1, "w_bicycle": 0 }, "geometry": { "type": "MultiLineString", "coordinates": [ [ [ 963175.910000000032596, 1948699.21 ], [ 963186.900000000023283, 1948713.610000000102445 ] ] ] } },
{ "type": "Feature", "properties": { "uid": "11215#84", "sig_cd": 11215, "f_node": "11215#660", "t_node": "11215#880", "length": 13.205739120498601, "degree": 0.0, "width": 1.0, "type": 0, "braille": 0, "w_bicycle": 0 }, "geometry": { "type": "MultiLineString", "coordinates": [ [ [ 962501.26, 1949235.120000000111759 ], [ 962496.76, 1949222.71 ] ] ] } },
{ "type": "Feature", "properties": { "uid": "11215#85", "sig_cd": 11215, "f_node": "11215#22", "t_node": "11215#441", "length": 26.012782731112502, "degree": 0.0, "width": 1.0, "type": 0, "braille": 1, "w_bicycle": 0 }, "geometry": { "type": "MultiLineString", "coordinates": [ [ [ 962245.189999999944121, 1949196.22 ], [ 962236.62, 1949171.67 ] ] ] } },
{ "type": "Feature", "properties": { "uid": "11215#90", "sig_cd": 11215, "f_node": "11215#9", "t_node": "11215#430", "length": 32.35041112591, "degree": 0.0, "width": 1.0, "type": 0, "braille": 0, "w_bicycle": 0 }, "geometry": { "type": "MultiLineString", "coordinates": [ [ [ 962789.349999999976717, 1949653.16 ], [ 962820.540000000037253, 1949644.620000000111759 ] ] ] } },
{ "type": "Feature", "properties": { "uid": "11215#91", "sig_cd": 11215, "f_node": "11215#14", "t_node": "11215#548", "length": 18.230541241049799, "degree": 0.0, "width": 1.0, "type": 0, "braille": 0, "w_bicycle": 0 }, "geometry": { "type": "MultiLineString", "coordinates": [ [ [ 963016.459999999962747, 1948756.94 ], [ 963013.88, 1948738.9 ] ] ] } },
{ "type": "Feature", "properties": { "uid": "11215#92", "sig_cd": 11215, "f_node": "11215#356", "t_node": "11215#676", "length": 20.729869779791802, "degree": 2.76178280781214, "width": 1.0, "type": 0, "braille": 0, "w_bicycle": 0 }, "geometry": { "type": "MultiLineString", "coordinates": [ [ [ 962607.160000000032596, 1949523.45 ], [ 962586.46999999997206, 1949524.6 ] ] ] } },
{ "type": "Feature", "properties": { "uid": "11215#79", "sig_cd": 11215, "f_node": "11215#178", "t_node": "11215#569", "length": 4.27650485433489, "degree": 0.0, "width": 1.0, "type": 0, "braille": 0, "w_bicycle": 0 }, "geometry": { "type": "MultiLineString", "coordinates": [ [ [ 962659.439999999944121, 1949471.58 ], [ 962663.5, 1949470.23 ] ] ] } },
{ "type": "Feature", "properties": { "uid": "11215#75", "sig_cd": 11215, "f_node": "11215#581", "t_node": "11215#823", "length": 10.4035641608854, "degree": 0.0, "width": 1.0, "type": 0, "braille": 0, "w_bicycle": 0 }, "geometry": { "type": "MultiLineString", "coordinates": [ [ [ 962626.5, 1949570.3 ], [ 962631.569999999948777, 1949579.379999999888241 ] ] ] } },
{ "type": "Feature", "properties": { "uid": "11215#76", "sig_cd": 11215, "f_node": "11215#22", "t_node": "11215#670", "length": 1.8273063534601901, "degree": 0.0, "width": 1.0, "type": 0, "braille": 0, "w_bicycle": 0 }, "geometry": { "type": "MultiLineString", "coordinates": [ [ [ 962244.449999999953434, 1949197.889999999897555 ], [ 962245.189999999944121, 1949196.22 ] ] ] } },
{ "type": "Feature", "properties": { "uid": "11215#77", "sig_cd": 11215, "f_node": "11215#318", "t_node": "11215#919", "length": 5.4994866090294598, "degree": 0.0, "width": 1.0, "type": 0, "braille": 1, "w_bicycle": 0 }, "geometry": { "type": "MultiLineString", "coordinates": [ [ [ 962733.51, 1949316.95 ], [ 962734.150000000023283, 1949322.41 ] ] ] } },
{ "type": "Feature", "properties": { "uid": "11215#78", "sig_cd": 11215, "f_node": "11215#821", "t_node": "11215#822", "length": 40.014953541762402, "degree": 5.99, "width": 1.0, "type": 90, "braille": 0, "w_bicycle": 0 }, "geometry": { "type": "MultiLineString", "coordinates": [ [ [ 962373.14000000001397, 1949308.74 ], [ 962410.180000000051223, 1949293.639999999897555 ] ] ] } },
{ "type": "Feature", "properties": { "uid": "11215#71", "sig_cd": 11215, "f_node": "11215#815", "t_node": "11215#816", "length": 13.084579168384501, "degree": 9.5, "width": 1.0, "type": 0, "braille": 0, "w_bicycle": 0 }, "geometry": { "type": "MultiLineString", "coordinates": [ [ [ 962525.209999999962747, 1949275.56 ], [ 962512.770000000018626, 1949271.52 ] ] ] } },
{ "type": "Feature", "properties": { "uid": "11215#72", "sig_cd": 11215, "f_node": "11215#49", "t_node": "11215#892", "length": 3.8666589652707701, "degree": 6.85992171436944, "width": 0.9, "type": 0, "braille": 0, "w_bicycle": 0 }, "geometry": { "type": "MultiLineString", "coordinates": [ [ [ 962898.339999999967404, 1949143.34 ], [ 962900.939999999944121, 1949140.48 ] ] ] } },
{ "type": "Feature", "properties": { "uid": "11215#73", "sig_cd": 11215, "f_node": "11215#816", "t_node": "11215#824", "length": 15.6520050964519, "degree": 9.5, "width": 1.0, "type": 0, "braille": 0, "w_bicycle": 0 }, "geometry": { "type": "MultiLineString", "coordinates": [ [ [ 962512.770000000018626, 1949271.52 ], [ 962497.599999999976717, 1949275.35 ] ] ] } },
{ "type": "Feature", "properties": { "uid": "11215#74", "sig_cd": 11215, "f_node": "11215#174", "t_node": "11215#339", "length": 26.168234291775001, "degree": 4.3705362170052204, "width": 1.0, "type": 0, "braille": 1, "w_bicycle": 0 }, "geometry": { "type": "MultiLineString", "coordinates": [ [ [ 962443.089999999967404, 1949479.51 ], [ 962444.349999999976717, 1949485.47 ], [ 962448.82999999995809, 1949505.03 ] ] ] } },
{ "type": "Feature", "properties": { "uid": "11215#80", "sig_cd": 11215, "f_node": "11215#573", "t_node": "11215#575", "length": 54.802608070375904, "degree": 3.1344232117729902, "width": 1.0, "type": 0, "braille": 0, "w_bicycle": 0 }, "geometry": { "type": "MultiLineString", "coordinates": [ [ [ 962496.28000000002794, 1949359.129999999888241 ], [ 962548.020000000018626, 1949341.129999999888241 ] ] ] } },
{ "type": "Feature", "properties": { "uid": "11215#81", "sig_cd": 11215, "f_node": "11215#673", "t_node": "11215#700", "length": 6.6098044635480404, "degree": 5.99, "width": 1.0, "type": 90, "braille": 0, "w_bicycle": 0 }, "geometry": { "type": "MultiLineString", "coordinates": [ [ [ 962475.689999999944121, 1949378.4 ], [ 962482.21999999997206, 1949377.41 ] ] ] } },
{ "type": "Feature", "properties": { "uid": "11215#97", "sig_cd": 11215, "f_node": "11215#357", "t_node": "11215#577", "length": 13.285823582477001, "degree": 0.0, "width": 1.0, "type": 0, "braille": 1, "w_bicycle": 0 }, "geometry": { "type": "MultiLineString", "coordinates": [ [ [ 962619.099999999976717, 1949509.8 ], [ 962618.959999999962747, 1949523.08 ] ] ] } },
{ "type": "Feature", "properties": { "uid": "11215#98", "sig_cd": 11215, "f_node": "11215#333", "t_node": "11215#335", "length": 13.136914455516299, "degree": 4.99, "width": 1.0, "type": 0, "braille": 1, "w_bicycle": 0 }, "geometry": { "type": "MultiLineString", "coordinates": [ [ [ 962384.300000000046566, 1949831.43 ], [ 962396.21999999997206, 1949836.94 ] ] ] } },
{ "type": "Feature", "properties": { "uid": "11215#99", "sig_cd": 11215, "f_node": "11215#115", "t_node": "11215#197", "length": 7.8386343765638902, "degree": 0.0, "width": 1.0, "type": 0, "braille": 0, "w_bicycle": 0 }, "geometry": { "type": "MultiLineString", "coordinates": [ [ [ 962259.53000000002794, 1949165.129999999888241 ], [ 962251.96999999997206, 1949167.19 ] ] ] } },
{ "type": "Feature", "properties": { "uid": "11215#93", "sig_cd": 11215, "f_node": "11215#148", "t_node": "11215#407", "length": 5.5077445598574197, "degree": 0.0, "width": 1.0, "type": 0, "braille": 0, "w_bicycle": 0 }, "geometry": { "type": "MultiLineString", "coordinates": [ [ [ 963170.839999999967404, 1948952.81 ], [ 963172.400000000023283, 1948947.53 ] ] ] } },
{ "type": "Feature", "properties": { "uid": "11215#94", "sig_cd": 11215, "f_node": "11215#172", "t_node": "11215#666", "length": 9.8914791448210693, "degree": 0.0, "width": 1.0, "type": 0, "braille": 0, "w_bicycle": 0 }, "geometry": { "type": "MultiLineString", "coordinates": [ [ [ 962453.800000000046566, 1949115.48 ], [ 962447.560000000055879, 1949123.15 ] ] ] } },
{ "type": "Feature", "properties": { "uid": "11215#95", "sig_cd": 11215, "f_node": "11215#814", "t_node": "11215#815", "length": 24.103248601480399, "degree": 9.5, "width": 1.0, "type": 0, "braille": 0, "w_bicycle": 0 }, "geometry": { "type": "MultiLineString", "coordinates": [ [ [ 962540.67000000004191, 1949294.04 ], [ 962525.209999999962747, 1949275.56 ] ] ] } },
{ "type": "Feature", "properties": { "uid": "11215#96", "sig_cd": 11215, "f_node": "11215#43", "t_node": "11215#564", "length": 5.6335156123979999, "degree": 0.0, "width": 1.0, "type": 0, "braille": 0, "w_bicycle": 0 }, "geometry": { "type": "MultiLineString", "coordinates": [ [ [ 962736.040000000037253, 1949461.29 ], [ 962730.430000000051223, 1949461.78 ] ] ] } },
{ "type": "Feature", "properties": { "uid": "11215#507", "sig_cd": 11215, "f_node": "11215#53", "t_node": "11215#62", "length": 91.684637776697599, "degree": 1.8740984105557099, "width": 1.0, "type": 0, "braille": 0, "w_bicycle": 0 }, "geometry": { "type": "MultiLineString", "coordinates": [ [ [ 962652.520000000018626, 1949694.16 ], [ 962657.5, 1949692.22 ], [ 962707.180000000051223, 1949676.33 ], [ 962740.14000000001397, 1949667.41 ] ] ] } },
{ "type": "Feature", "properties": { "uid": "11215#508", "sig_cd": 11215, "f_node": "11215#679", "t_node": "11215#685", "length": 13.251087832301801, "degree": 0.0, "width": 1.0, "type": 0, "braille": 0, "w_bicycle": 0 }, "geometry": { "type": "MultiLineString", "coordinates": [ [ [ 962405.76, 1948949.51 ], [ 962393.050000000046566, 1948953.24 ] ] ] } },
{ "type": "Feature", "properties": { "uid": "11215#509", "sig_cd": 11215, "f_node": "11215#110", "t_node": "11215#121", "length": 88.031798727222494, "degree": 0.65082522531244003, "width": 1.0, "type": 0, "braille": 0, "w_bicycle": 0 }, "geometry": { "type": "MultiLineString", "coordinates": [ [ [ 962224.01, 1949000.43 ], [ 962229.209999999962747, 1949013.0 ], [ 962236.5, 1949029.48 ], [ 962245.709999999962747, 1949051.59 ], [ 962258.92000000004191, 1949081.2 ] ] ] } },
{ "type": "Feature", "properties": { "uid": "11215#503", "sig_cd": 11215, "f_node": "11215#8", "t_node": "11215#163", "length": 54.941402305035197, "degree": 1.0427373766899899, "width": 1.0, "type": 0, "braille": 1, "w_bicycle": 0 }, "geometry": { "type": "MultiLineString", "coordinates": [ [ [ 962507.42000000004191, 1949782.59 ], [ 962522.51, 1949770.48 ], [ 962550.67000000004191, 1949754.55 ], [ 962553.790000000037253, 1949753.76 ] ] ] } },
{ "type": "Feature", "properties": { "uid": "11215#504", "sig_cd": 11215, "f_node": "11215#36", "t_node": "11215#96", "length": 34.93780252065531, "degree": 1.6394889437486799, "width": 1.0, "type": 0, "braille": 1, "w_bicycle": 0 }, "geometry": { "type": "MultiLineString", "coordinates": [ [ [ 962653.800000000046566, 1949471.379999999888241 ], [ 962634.650000000023283, 1949473.59 ], [ 962626.699999999953434, 1949474.45 ], [ 962619.13, 1949475.56 ] ] ] } },
{ "type": "Feature", "properties": { "uid": "11215#505", "sig_cd": 11215, "f_node": "11215#736", "t_node": "11215#737", "length": 15.1419348451575, "degree": 0.0, "width": 1.0, "type": 0, "braille": 0, "w_bicycle": 0 }, "geometry": { "type": "MultiLineString", "coordinates": [ [ [ 962842.229999999981374, 1949280.31 ], [ 962844.180000000051223, 1949295.32 ] ] ] } },
{ "type": "Feature", "properties": { "uid": "11215#506", "sig_cd": 11215, "f_node": "11215#21", "t_node": "11215#437", "length": 37.1242550051781, "degree": 1.5401171518223, "width": 1.0, "type": 0, "braille": 0, "w_bicycle": 0 }, "geometry": { "type": "MultiLineString", "coordinates": [ [ [ 962208.209999999962747, 1949257.78 ], [ 962173.67000000004191, 1949271.35 ] ] ] } },
{ "type": "Feature", "properties": { "uid": "11215#500", "sig_cd": 11215, "f_node": "11215#100", "t_node": "11215#101", "length": 12.5869679423054, "degree": 0.0, "width": 1.0, "type": 0, "braille": 1, "w_bicycle": 0 }, "geometry": { "type": "MultiLineString", "coordinates": [ [ [ 962597.099999999976717, 1949451.03 ], [ 962606.180000000051223, 1949459.74 ] ] ] } },
{ "type": "Feature", "properties": { "uid": "11215#501", "sig_cd": 11215, "f_node": "11215#117", "t_node": "11215#668", "length": 2.1805579954944099, "degree": 0.0, "width": 1.0, "type": 0, "braille": 0, "w_bicycle": 0 }, "geometry": { "type": "MultiLineString", "coordinates": [ [ [ 962227.430000000051223, 1949148.66 ], [ 962227.150000000023283, 1949146.5 ] ] ] } },
{ "type": "Feature", "properties": { "uid": "11215#502", "sig_cd": 11215, "f_node": "11215#32", "t_node": "11215#99", "length": 6.26895329211938, "degree": 4.99, "width": 1.0, "type": 0, "braille": 1, "w_bicycle": 0 }, "geometry": { "type": "MultiLineString", "coordinates": [ [ [ 962618.46999999997206, 1949459.75 ], [ 962619.310000000055879, 1949465.96 ] ] ] } },
{ "type": "Feature", "properties": { "uid": "11215#8", "sig_cd": 11215, "f_node": "11215#194", "t_node": "11215#195", "length": 9.8250892509986194, "degree": 4.99, "width": 1.0, "type": 0, "braille": 0, "w_bicycle": 0 }, "geometry": { "type": "MultiLineString", "coordinates": [ [ [ 962566.979999999981374, 1949394.27 ], [ 962562.310000000055879, 1949402.91 ] ] ] } },
{ "type": "Feature", "properties": { "uid": "11215#9", "sig_cd": 11215, "f_node": "11215#776", "t_node": "11215#777", "length": 7.9467267131038497, "degree": 0.0, "width": 1.0, "type": 0, "braille": 0, "w_bicycle": 0 }, "geometry": { "type": "MultiLineString", "coordinates": [ [ [ 962867.939999999944121, 1949145.67 ], [ 962875.800000000046566, 1949144.52 ] ] ] } },
{ "type": "Feature", "properties": { "uid": "11215#4", "sig_cd": 11215, "f_node": "11215#320", "t_node": "11215#704", "length": 23.1673247641172, "degree": 7.3783285555003202, "width": 1.0, "type": 0, "braille": 1, "w_bicycle": 0 }, "geometry": { "type": "MultiLineString", "coordinates": [ [ [ 962324.71999999997206, 1949359.360000000102445 ], [ 962333.020000000018626, 1949380.98 ] ] ] } },
{ "type": "Feature", "properties": { "uid": "11215#5", "sig_cd": 11215, "f_node": "11215#654", "t_node": "11215#695", "length": 2.2809102480287402, "degree": 5.99, "width": 1.0, "type": 90, "braille": 0, "w_bicycle": 0 }, "geometry": { "type": "MultiLineString", "coordinates": [ [ [ 962226.150000000023283, 1949279.870000000111759 ], [ 962228.28000000002794, 1949280.67 ] ] ] } },
{ "type": "Feature", "properties": { "uid": "11215#6", "sig_cd": 11215, "f_node": "11215#196", "t_node": "11215#352", "length": 35.277672981694302, "degree": 1.62256611261906, "width": 1.0, "type": 0, "braille": 0, "w_bicycle": 0 }, "geometry": { "type": "MultiLineString", "coordinates": [ [ [ 962275.699999999953434, 1949208.53 ], [ 962288.599999999976717, 1949175.71 ] ] ] } },
{ "type": "Feature", "properties": { "uid": "11215#7", "sig_cd": 11215, "f_node": "11215#191", "t_node": "11215#653", "length": 75.166154832771099, "degree": 2.2855520233201601, "width": 1.0, "type": 0, "braille": 1, "w_bicycle": 0 }, "geometry": { "type": "MultiLineString", "coordinates": [ [ [ 962211.189999999944121, 1949374.56 ], [ 962246.64000000001397, 1949361.22 ], [ 962257.819999999948777, 1949356.99 ], [ 962281.199999999953434, 1949348.52 ], [ 962281.60999999998603, 1949348.360000000102445 ] ] ] } },
{ "type": "Feature", "properties": { "uid": "11215#529", "sig_cd": 11215, "f_node": "11215#499", "t_node": "11215#868", "length": 18.180395316725701, "degree": 4.4661659732216101, "width": 1.0, "type": 0, "braille": 0, "w_bicycle": 0 }, "geometry": { "type": "MultiLineString", "coordinates": [ [ [ 962582.319999999948777, 1949335.09 ], [ 962595.290000000037253, 1949347.82 ] ] ] } },
{ "type": "Feature", "properties": { "uid": "11215#525", "sig_cd": 11215, "f_node": "11215#19", "t_node": "11215#122", "length": 141.068334764708, "degree": 2.0291898479709198, "width": 1.0, "type": 0, "braille": 1, "w_bicycle": 1 }, "geometry": { "type": "MultiLineString", "coordinates": [ [ [ 962377.209999999962747, 1948944.43 ], [ 962296.17000000004191, 1948970.8 ], [ 962244.53000000002794, 1948991.92 ] ] ] } },
{ "type": "Feature", "properties": { "uid": "11215#526", "sig_cd": 11215, "f_node": "11215#129", "t_node": "11215#770", "length": 6.2103169141373096, "degree": 0.0, "width": 1.0, "type": 0, "braille": 0, "w_bicycle": 0 }, "geometry": { "type": "MultiLineString", "coordinates": [ [ [ 962838.160000000032596, 1949160.32 ], [ 962844.319999999948777, 1949159.55 ] ] ] } },
{ "type": "Feature", "properties": { "uid": "11215#527", "sig_cd": 11215, "f_node": "11215#129", "t_node": "11215#327", "length": 4.6403215914471101, "degree": 0.0, "width": 1.0, "type": 0, "braille": 0, "w_bicycle": 0 }, "geometry": { "type": "MultiLineString", "coordinates": [ [ [ 962844.319999999948777, 1949159.55 ], [ 962845.17000000004191, 1949164.110000000102445 ] ] ] } },
{ "type": "Feature", "properties": { "uid": "11215#408", "sig_cd": 11215, "f_node": "11215#502", "t_node": "11215#781", "length": 21.963511223015001, "degree": 0.0, "width": 1.0, "type": 0, "braille": 0, "w_bicycle": 0 }, "geometry": { "type": "MultiLineString", "coordinates": [ [ [ 962715.800000000046566, 1949304.6 ], [ 962713.28000000002794, 1949282.79 ] ] ] } },
{ "type": "Feature", "properties": { "uid": "11215#528", "sig_cd": 11215, "f_node": "11215#5", "t_node": "11215#160", "length": 209.889292035805, "degree": 1.9101586865423801, "width": 1.0, "type": 0, "braille": 1, "w_bicycle": 1 }, "geometry": { "type": "MultiLineString", "coordinates": [ [ [ 962216.13, 1949390.45 ], [ 962230.209999999962747, 1949425.879999999888241 ], [ 962256.040000000037253, 1949499.46 ], [ 962277.10999999998603, 1949556.48 ], [ 962288.949999999953434, 1949587.19 ] ] ] } },
{ "type": "Feature", "properties": { "uid": "11215#409", "sig_cd": 11215, "f_node": "11215#676", "t_node": "11215#702", "length": 3.6820750068668899, "degree": 5.99, "width": 1.0, "type": 90, "braille": 0, "w_bicycle": 0 }, "geometry": { "type": "MultiLineString", "coordinates": [ [ [ 962586.46999999997206, 1949524.6 ], [ 962582.800000000046566, 1949524.879999999888241 ] ] ] } },
{ "type": "Feature", "properties": { "uid": "11215#521", "sig_cd": 11215, "f_node": "11215#681", "t_node": "11215#871", "length": 16.606428674973099, "degree": 1.7900115261627201, "width": 1.0, "type": 0, "braille": 1, "w_bicycle": 0 }, "geometry": { "type": "MultiLineString", "coordinates": [ [ [ 962397.319999999948777, 1949006.98 ], [ 962401.92000000004191, 1949022.93 ] ] ] } },
{ "type": "Feature", "properties": { "uid": "11215#522", "sig_cd": 11215, "f_node": "11215#82", "t_node": "11215#416", "length": 6.3555850305978998, "degree": 0.0, "width": 1.0, "type": 0, "braille": 0, "w_bicycle": 0 }, "geometry": { "type": "MultiLineString", "coordinates": [ [ [ 963199.290000000037253, 1949145.82 ], [ 963197.319999999948777, 1949139.78 ] ] ] } },
{ "type": "Feature", "properties": { "uid": "11215#523", "sig_cd": 11215, "f_node": "11215#51", "t_node": "11215#447", "length": 1.7011060912398499, "degree": 4.99, "width": 1.0, "type": 0, "braille": 0, "w_bicycle": 0 }, "geometry": { "type": "MultiLineString", "coordinates": [ [ [ 962270.35999999998603, 1949206.45 ], [ 962272.0, 1949206.9 ] ] ] } },
{ "type": "Feature", "properties": { "uid": "11215#404", "sig_cd": 11215, "f_node": "11215#517", "t_node": "11215#751", "length": 13.698810119404801, "degree": 0.0, "width": 1.0, "type": 0, "braille": 0, "w_bicycle": 0 }, "geometry": { "type": "MultiLineString", "coordinates": [ [ [ 962849.290000000037253, 1949205.7 ], [ 962846.87, 1949192.22 ] ] ] } },
{ "type": "Feature", "properties": { "uid": "11215#524", "sig_cd": 11215, "f_node": "11215#681", "t_node": "11215#687", "length": 5.6111840666533004, "degree": 5.99, "width": 1.0, "type": 90, "braille": 0, "w_bicycle": 0 }, "geometry": { "type": "MultiLineString", "coordinates": [ [ [ 962397.319999999948777, 1949006.98 ], [ 962402.689999999944121, 1949005.360000000102445 ] ] ] } },
{ "type": "Feature", "properties": { "uid": "11215#405", "sig_cd": 11215, "f_node": "11215#76", "t_node": "11215#418", "length": 4.80589263461375, "degree": 0.0, "width": 1.0, "type": 0, "braille": 0, "w_bicycle": 0 }, "geometry": { "type": "MultiLineString", "coordinates": [ [ [ 963219.32999999995809, 1949205.35 ], [ 963216.910000000032596, 1949201.2 ] ] ] } },
{ "type": "Feature", "properties": { "uid": "11215#406", "sig_cd": 11215, "f_node": "11215#797", "t_node": "11215#798", "length": 3.0384307668632502, "degree": 0.0, "width": 1.0, "type": 0, "braille": 0, "w_bicycle": 0 }, "geometry": { "type": "MultiLineString", "coordinates": [ [ [ 962352.959999999962747, 1949542.69 ], [ 962352.75, 1949545.72 ] ] ] } },
{ "type": "Feature", "properties": { "uid": "11215#407", "sig_cd": 11215, "f_node": "11215#12", "t_node": "11215#399", "length": 48.115949139679699, "degree": 1.1906141987752801, "width": 1.0, "type": 0, "braille": 1, "w_bicycle": 0 }, "geometry": { "type": "MultiLineString", "coordinates": [ [ [ 963179.449999999953434, 1948847.629999999888241 ], [ 963181.14000000001397, 1948819.639999999897555 ], [ 963182.349999999976717, 1948799.620000000111759 ] ] ] } },
{ "type": "Feature", "properties": { "uid": "11215#530", "sig_cd": 11215, "f_node": "11215#1", "t_node": "11215#16", "length": 12.5515853813082, "degree": 4.99, "width": 1.0, "type": 0, "braille": 1, "w_bicycle": 0 }, "geometry": { "type": "MultiLineString", "coordinates": [ [ [ 962660.459999999962747, 1948846.379999999888241 ], [ 962648.96999999997206, 1948851.42 ] ] ] } },
{ "type": "Feature", "properties": { "uid": "11215#400", "sig_cd": 11215, "f_node": "11215#62", "t_node": "11215#164", "length": 81.655383460308897, "degree": 1.4030753064624699, "width": 1.0, "type": 0, "braille": 0, "w_bicycle": 0 }, "geometry": { "type": "MultiLineString", "coordinates": [ [ [ 962582.910000000032596, 1949736.34 ], [ 962593.67000000004191, 1949728.52 ], [ 962618.12, 1949712.610000000102445 ], [ 962639.520000000018626, 1949699.49 ], [ 962652.520000000018626, 1949694.16 ] ] ] } },
{ "type": "Feature", "properties": { "uid": "11215#531", "sig_cd": 11215, "f_node": "11215#677", "t_node": "11215#693", "length": 29.7646175922306, "degree": 5.99, "width": 1.0, "type": 90, "braille": 0, "w_bicycle": 0 }, "geometry": { "type": "MultiLineString", "coordinates": [ [ [ 962516.550000000046566, 1949311.75 ], [ 962545.92000000004191, 1949306.99 ] ] ] } },
{ "type": "Feature", "properties": { "uid": "11215#401", "sig_cd": 11215, "f_node": "11215#696", "t_node": "11215#791", "length": 8.7472410718795999, "degree": 0.0, "width": 1.0, "type": 0, "braille": 0, "w_bicycle": 0 }, "geometry": { "type": "MultiLineString", "coordinates": [ [ [ 962336.160000000032596, 1949240.139999999897555 ], [ 962339.550000000046566, 1949248.2 ] ] ] } },
{ "type": "Feature", "properties": { "uid": "11215#402", "sig_cd": 11215, "f_node": "11215#112", "t_node": "11215#447", "length": 5.2578102266775799, "degree": 0.0, "width": 1.0, "type": 0, "braille": 0, "w_bicycle": 0 }, "geometry": { "type": "MultiLineString", "coordinates": [ [ [ 962270.35999999998603, 1949206.45 ], [ 962266.01, 1949203.5 ] ] ] } },
{ "type": "Feature", "properties": { "uid": "11215#403", "sig_cd": 11215, "f_node": "11215#120", "t_node": "11215#689", "length": 3.3240711504692202, "degree": 0.0, "width": 1.0, "type": 0, "braille": 0, "w_bicycle": 0 }, "geometry": { "type": "MultiLineString", "coordinates": [ [ [ 962210.550000000046566, 1949100.54 ], [ 962207.35999999998603, 1949101.47 ] ] ] } },
{ "type": "Feature", "properties": { "uid": "11215#410", "sig_cd": 11215, "f_node": "11215#103", "t_node": "11215#503", "length": 52.413578384495899, "degree": 1.08257477346418, "width": 1.0, "type": 0, "braille": 1, "w_bicycle": 0 }, "geometry": { "type": "MultiLineString", "coordinates": [ [ [ 962698.680000000051223, 1949320.629999999888241 ], [ 962646.689999999944121, 1949327.120000000111759 ] ] ] } },
{ "type": "Feature", "properties": { "uid": "11215#0", "sig_cd": 11215, "f_node": "11215#578", "t_node": "11215#579", "length": 6.8946198688155498, "degree": 0.0, "width": 1.0, "type": 0, "braille": 0, "w_bicycle": 0 }, "geometry": { "type": "MultiLineString", "coordinates": [ [ [ 962627.78000000002794, 1949509.48 ], [ 962628.32999999995809, 1949502.610000000102445 ] ] ] } },
{ "type": "Feature", "properties": { "uid": "11215#1", "sig_cd": 11215, "f_node": "11215#720", "t_node": "11215#889", "length": 10.4453838062279, "degree": 0.0, "width": 1.0, "type": 0, "braille": 0, "w_bicycle": 0 }, "geometry": { "type": "MultiLineString", "coordinates": [ [ [ 962768.040000000037253, 1949475.91 ], [ 962767.87, 1949465.47 ] ] ] } },
{ "type": "Feature", "properties": { "uid": "11215#2", "sig_cd": 11215, "f_node": "11215#79", "t_node": "11215#421", "length": 35.198244930010802, "degree": 0.0, "width": 1.0, "type": 0, "braille": 0, "w_bicycle": 0 }, "geometry": { "type": "MultiLineString", "coordinates": [ [ [ 963292.150000000023283, 1949419.47 ], [ 963285.14000000001397, 1949399.639999999897555 ], [ 963281.63, 1949385.93 ] ] ] } },
{ "type": "Feature", "properties": { "uid": "11215#3", "sig_cd": 11215, "f_node": "11215#509", "t_node": "11215#510", "length": 19.0459987120094, "degree": 0.0, "width": 1.0, "type": 0, "braille": 0, "w_bicycle": 0 }, "geometry": { "type": "MultiLineString", "coordinates": [ [ [ 962949.60999999998603, 1949238.120000000111759 ], [ 962930.699999999953434, 1949240.33 ] ] ] } },
{ "type": "Feature", "properties": { "uid": "11215#518", "sig_cd": 11215, "f_node": "11215#563", "t_node": "11215#564", "length": 16.0711029773537, "degree": 0.0, "width": 1.0, "type": 0, "braille": 0, "w_bicycle": 0 }, "geometry": { "type": "MultiLineString", "coordinates": [ [ [ 962734.49, 1949445.3 ], [ 962736.040000000037253, 1949461.29 ] ] ] } },
{ "type": "Feature", "properties": { "uid": "11215#519", "sig_cd": 11215, "f_node": "11215#420", "t_node": "11215#422", "length": 26.687129619876998, "degree": 0.0, "width": 1.0, "type": 0, "braille": 0, "w_bicycle": 0 }, "geometry": { "type": "MultiLineString", "coordinates": [ [ [ 963273.800000000046566, 1949379.44 ], [ 963266.400000000023283, 1949353.81 ] ] ] } },
{ "type": "Feature", "properties": { "uid": "11215#514", "sig_cd": 11215, "f_node": "11215#667", "t_node": "11215#690", "length": 1.5510608480002199, "degree": 0.0, "width": 1.0, "type": 0, "braille": 0, "w_bicycle": 0 }, "geometry": { "type": "MultiLineString", "coordinates": [ [ [ 962213.01, 1949154.0 ], [ 962212.51, 1949152.53 ] ] ] } },
{ "type": "Feature", "properties": { "uid": "11215#515", "sig_cd": 11215, "f_node": "11215#154", "t_node": "11215#423", "length": 3.47609888008926, "degree": 0.0, "width": 1.0, "type": 0, "braille": 0, "w_bicycle": 0 }, "geometry": { "type": "MultiLineString", "coordinates": [ [ [ 963315.310000000055879, 1949490.92 ], [ 963314.99, 1949487.46 ] ] ] } },
{ "type": "Feature", "properties": { "uid": "11215#516", "sig_cd": 11215, "f_node": "11215#34", "t_node": "11215#177", "length": 18.4870877228316, "degree": 0.0, "width": 1.0, "type": 0, "braille": 1, "w_bicycle": 0 }, "geometry": { "type": "MultiLineString", "coordinates": [ [ [ 962634.770000000018626, 1949464.05 ], [ 962653.150000000023283, 1949462.129999999888241 ] ] ] } },
{ "type": "Feature", "properties": { "uid": "11215#517", "sig_cd": 11215, "f_node": "11215#172", "t_node": "11215#481", "length": 44.134369629809299, "degree": 0.0, "width": 1.0, "type": 0, "braille": 0, "w_bicycle": 0 }, "geometry": { "type": "MultiLineString", "coordinates": [ [ [ 962453.800000000046566, 1949115.48 ], [ 962484.39000000001397, 1949147.27 ] ] ] } },
{ "type": "Feature", "properties": { "uid": "11215#510", "sig_cd": 11215, "f_node": "11215#749", "t_node": "11215#750", "length": 4.0193252691918504, "degree": 0.0, "width": 1.0, "type": 0, "braille": 0, "w_bicycle": 0 }, "geometry": { "type": "MultiLineString", "coordinates": [ [ [ 962976.53000000002794, 1949272.19 ], [ 962976.78000000002794, 1949276.2 ] ] ] } },
{ "type": "Feature", "properties": { "uid": "11215#511", "sig_cd": 11215, "f_node": "11215#586", "t_node": "11215#587", "length": 24.315664906156002, "degree": 4.7020794036223403, "width": 1.0, "type": 0, "braille": 0, "w_bicycle": 0 }, "geometry": { "type": "MultiLineString", "coordinates": [ [ [ 962815.96999999997206, 1949505.05 ], [ 962797.689999999944121, 1949489.03 ] ] ] } },
{ "type": "Feature", "properties": { "uid": "11215#512", "sig_cd": 11215, "f_node": "11215#665", "t_node": "11215#854", "length": 26.0608926979173, "degree": 4.99, "width": 1.0, "type": 0, "braille": 0, "w_bicycle": 0 }, "geometry": { "type": "MultiLineString", "coordinates": [ [ [ 962370.849999999976717, 1949154.42 ], [ 962352.26, 1949172.67 ] ] ] } },
{ "type": "Feature", "properties": { "uid": "11215#513", "sig_cd": 11215, "f_node": "11215#29", "t_node": "11215#625", "length": 7.6731707024522704, "degree": 5.99, "width": 1.0, "type": 90, "braille": 0, "w_bicycle": 0 }, "geometry": { "type": "MultiLineString", "coordinates": [ [ [ 962452.400000000023283, 1949470.04 ], [ 962453.85999999998603, 1949477.57 ] ] ] } },
{ "type": "Feature", "properties": { "uid": "11215#520", "sig_cd": 11215, "f_node": "11215#45", "t_node": "11215#731", "length": 12.818436126409599, "degree": 4.4607601158008503, "width": 1.0, "type": 0, "braille": 0, "w_bicycle": 0 }, "geometry": { "type": "MultiLineString", "coordinates": [ [ [ 962772.32999999995809, 1949288.6 ], [ 962771.160000000032596, 1949275.84 ] ] ] } },
{ "type": "Feature", "properties": { "uid": "11215#547", "sig_cd": 11215, "f_node": "11215#779", "t_node": "11215#780", "length": 4.6270285349073497, "degree": 5.99, "width": 1.0, "type": 90, "braille": 0, "w_bicycle": 0 }, "geometry": { "type": "MultiLineString", "coordinates": [ [ [ 962770.25, 1949189.629999999888241 ], [ 962774.839999999967404, 1949189.06 ] ] ] } },
{ "type": "Feature", "properties": { "uid": "11215#548", "sig_cd": 11215, "f_node": "11215#139", "t_node": "11215#859", "length": 4.6360917359234604, "degree": 5.99, "width": 1.0, "type": 90, "braille": 0, "w_bicycle": 0 }, "geometry": { "type": "MultiLineString", "coordinates": [ [ [ 962498.57999999995809, 1949452.83 ], [ 962503.13, 1949451.95 ] ] ] } },
{ "type": "Feature", "properties": { "uid": "11215#549", "sig_cd": 11215, "f_node": "11215#445", "t_node": "11215#446", "length": 5.6345996451731297, "degree": 0.0, "width": 1.0, "type": 0, "braille": 0, "w_bicycle": 0 }, "geometry": { "type": "MultiLineString", "coordinates": [ [ [ 962312.290000000037253, 1949328.03 ], [ 962317.46999999997206, 1949325.82 ] ] ] } },
{ "type": "Feature", "properties": { "uid": "11215#543", "sig_cd": 11215, "f_node": "11215#827", "t_node": "11215#828", "length": 8.0632683962243501, "degree": 5.99, "width": 1.0, "type": 90, "braille": 0, "w_bicycle": 0 }, "geometry": { "type": "MultiLineString", "coordinates": [ [ [ 962899.10999999998603, 1949223.97 ], [ 962891.069999999948777, 1949224.54 ] ] ] } },
{ "type": "Feature", "properties": { "uid": "11215#544", "sig_cd": 11215, "f_node": "11215#578", "t_node": "11215#823", "length": 60.857073367852898, "degree": 2.44555368544333, "width": 1.0, "type": 0, "braille": 0, "w_bicycle": 0 }, "geometry": { "type": "MultiLineString", "coordinates": [ [ [ 962626.5, 1949570.3 ], [ 962626.729999999981374, 1949558.34 ], [ 962627.319999999948777, 1949534.77 ], [ 962627.78000000002794, 1949509.48 ] ] ] } },
{ "type": "Feature", "properties": { "uid": "11215#545", "sig_cd": 11215, "f_node": "11215#37", "t_node": "11215#887", "length": 9.6067036876498406, "degree": 4.99, "width": 1.0, "type": 0, "braille": 1, "w_bicycle": 0 }, "geometry": { "type": "MultiLineString", "coordinates": [ [ [ 962718.37, 1949464.44 ], [ 962718.87, 1949474.03 ] ] ] } },
{ "type": "Feature", "properties": { "uid": "11215#426", "sig_cd": 11215, "f_node": "11215#95", "t_node": "11215#887", "length": 2.36710578608588, "degree": 0.0, "width": 1.0, "type": 0, "braille": 0, "w_bicycle": 0 }, "geometry": { "type": "MultiLineString", "coordinates": [ [ [ 962718.37, 1949464.44 ], [ 962716.540000000037253, 1949462.94 ] ] ] } },
{ "type": "Feature", "properties": { "uid": "11215#546", "sig_cd": 11215, "f_node": "11215#498", "t_node": "11215#870", "length": 12.6739470790301, "degree": 4.3553189627456304, "width": 1.0, "type": 0, "braille": 1, "w_bicycle": 0 }, "geometry": { "type": "MultiLineString", "coordinates": [ [ [ 962568.689999999944121, 1949306.5 ], [ 962580.51, 1949311.06 ] ] ] } },
{ "type": "Feature", "properties": { "uid": "11215#427", "sig_cd": 11215, "f_node": "11215#512", "t_node": "11215#895", "length": 1.42570191532288, "degree": 0.0, "width": 1.0, "type": 0, "braille": 0, "w_bicycle": 0 }, "geometry": { "type": "MultiLineString", "coordinates": [ [ [ 962912.71999999997206, 1949156.110000000102445 ], [ 962914.050000000046566, 1949155.59 ] ] ] } },
{ "type": "Feature", "properties": { "uid": "11215#550", "sig_cd": 11215, "f_node": "11215#817", "t_node": "11215#824", "length": 87.649952569935095, "degree": 4.99, "width": 1.0, "type": 0, "braille": 0, "w_bicycle": 0 }, "geometry": { "type": "MultiLineString", "coordinates": [ [ [ 962497.599999999976717, 1949275.35 ], [ 962413.810000000055879, 1949300.96 ] ] ] } },
{ "type": "Feature", "properties": { "uid": "11215#428", "sig_cd": 11215, "f_node": "11215#61", "t_node": "11215#546", "length": 24.150419805389699, "degree": 0.0, "width": 1.0, "type": 0, "braille": 0, "w_bicycle": 0 }, "geometry": { "type": "MultiLineString", "coordinates": [ [ [ 963102.76, 1948930.03 ], [ 963091.150000000023283, 1948924.25 ], [ 963080.959999999962747, 1948919.67 ] ] ] } },
{ "type": "Feature", "properties": { "uid": "11215#551", "sig_cd": 11215, "f_node": "11215#649", "t_node": "11215#938", "length": 26.1299528822789, "degree": 4.99, "width": 1.0, "type": 0, "braille": 0, "w_bicycle": 0 }, "geometry": { "type": "MultiLineString", "coordinates": [ [ [ 962299.64000000001397, 1949221.44 ], [ 962289.87, 1949197.22 ] ] ] } },
{ "type": "Feature", "properties": { "uid": "11215#429", "sig_cd": 11215, "f_node": "11215#512", "t_node": "11215#896", "length": 4.6538897507536099, "degree": 0.0, "width": 1.0, "type": 0, "braille": 0, "w_bicycle": 0 }, "geometry": { "type": "MultiLineString", "coordinates": [ [ [ 962914.050000000046566, 1949155.59 ], [ 962913.910000000032596, 1949150.94 ] ] ] } },
{ "type": "Feature", "properties": { "uid": "11215#309", "sig_cd": 11215, "f_node": "11215#0", "t_node": "11215#272", "length": 38.297865944121398, "degree": 1.49571685493325, "width": 1.0, "type": 0, "braille": 1, "w_bicycle": 1 }, "geometry": { "type": "MultiLineString", "coordinates": [ [ [ 962459.910000000032596, 1948912.44 ], [ 962429.319999999948777, 1948922.43 ], [ 962423.540000000037253, 1948924.389999999897555 ] ] ] } },
{ "type": "Feature", "properties": { "uid": "11215#552", "sig_cd": 11215, "f_node": "11215#648", "t_node": "11215#649", "length": 21.104728572803801, "degree": 4.99, "width": 1.0, "type": 0, "braille": 0, "w_bicycle": 0 }, "geometry": { "type": "MultiLineString", "coordinates": [ [ [ 962299.64000000001397, 1949221.44 ], [ 962319.46999999997206, 1949228.639999999897555 ] ] ] } },
{ "type": "Feature", "properties": { "uid": "11215#422", "sig_cd": 11215, "f_node": "11215#565", "t_node": "11215#888", "length": 4.3012747948935104, "degree": 0.0, "width": 1.0, "type": 0, "braille": 0, "w_bicycle": 0 }, "geometry": { "type": "MultiLineString", "coordinates": [ [ [ 962734.589999999967404, 1949472.41 ], [ 962731.310000000055879, 1949469.629999999888241 ] ] ] } },
{ "type": "Feature", "properties": { "uid": "11215#553", "sig_cd": 11215, "f_node": "11215#647", "t_node": "11215#648", "length": 10.8524920570032, "degree": 0.0, "width": 1.0, "type": 0, "braille": 0, "w_bicycle": 0 }, "geometry": { "type": "MultiLineString", "coordinates": [ [ [ 962319.46999999997206, 1949228.639999999897555 ], [ 962329.550000000046566, 1949224.629999999888241 ] ] ] } },
{ "type": "Feature", "properties": { "uid": "11215#423", "sig_cd": 11215, "f_node": "11215#56", "t_node": "11215#407", "length": 5.5434242354244203, "degree": 0.0, "width": 1.0, "type": 0, "braille": 0, "w_bicycle": 0 }, "geometry": { "type": "MultiLineString", "coordinates": [ [ [ 963170.959999999962747, 1948958.35 ], [ 963170.839999999967404, 1948952.81 ] ] ] } },
{ "type": "Feature", "properties": { "uid": "11215#424", "sig_cd": 11215, "f_node": "11215#719", "t_node": "11215#889", "length": 1.9867617713224801, "degree": 0.0, "width": 1.0, "type": 0, "braille": 0, "w_bicycle": 0 }, "geometry": { "type": "MultiLineString", "coordinates": [ [ [ 962769.930000000051223, 1949476.52 ], [ 962768.040000000037253, 1949475.91 ] ] ] } },
{ "type": "Feature", "properties": { "uid": "11215#425", "sig_cd": 11215, "f_node": "11215#505", "t_node": "11215#886", "length": 23.010123214565699, "degree": 1.1829089656848399, "width": 1.0, "type": 0, "braille": 1, "w_bicycle": 0 }, "geometry": { "type": "MultiLineString", "coordinates": [ [ [ 962626.17000000004191, 1949350.51 ], [ 962616.99, 1949371.6 ] ] ] } },
{ "type": "Feature", "properties": { "uid": "11215#305", "sig_cd": 11215, "f_node": "11215#497", "t_node": "11215#498", "length": 16.661478249916499, "degree": 4.99, "width": 1.0, "type": 0, "braille": 1, "w_bicycle": 0 }, "geometry": { "type": "MultiLineString", "coordinates": [ [ [ 962559.189999999944121, 1949292.82 ], [ 962568.689999999944121, 1949306.5 ] ] ] } },
{ "type": "Feature", "properties": { "uid": "11215#306", "sig_cd": 11215, "f_node": "11215#130", "t_node": "11215#775", "length": 3.8468082300830302, "degree": 0.0, "width": 0.9, "type": 0, "braille": 0, "w_bicycle": 0 }, "geometry": { "type": "MultiLineString", "coordinates": [ [ [ 962876.040000000037253, 1949146.16 ], [ 962879.82999999995809, 1949145.51 ] ] ] } },
{ "type": "Feature", "properties": { "uid": "11215#430", "sig_cd": 11215, "f_node": "11215#26", "t_node": "11215#842", "length": 4.2654337378695502, "degree": 4.99, "width": 1.0, "type": 0, "braille": 0, "w_bicycle": 0 }, "geometry": { "type": "MultiLineString", "coordinates": [ [ [ 962594.57999999995809, 1949440.610000000102445 ], [ 962590.439999999944121, 1949441.629999999888241 ] ] ] } },
{ "type": "Feature", "properties": { "uid": "11215#307", "sig_cd": 11215, "f_node": "11215#192", "t_node": "11215#652", "length": 75.409272080124694, "degree": 3.0363445588312401, "width": 1.0, "type": 0, "braille": 1, "w_bicycle": 0 }, "geometry": { "type": "MultiLineString", "coordinates": [ [ [ 962208.099999999976717, 1949366.59 ], [ 962218.32999999995809, 1949363.06 ], [ 962278.87, 1949340.73 ], [ 962278.900000000023283, 1949340.72 ] ] ] } },
{ "type": "Feature", "properties": { "uid": "11215#431", "sig_cd": 11215, "f_node": "11215#778", "t_node": "11215#779", "length": 7.9747661446954403, "degree": 0.0, "width": 1.0, "type": 0, "braille": 0, "w_bicycle": 0 }, "geometry": { "type": "MultiLineString", "coordinates": [ [ [ 962762.339999999967404, 1949190.620000000111759 ], [ 962770.25, 1949189.629999999888241 ] ] ] } },
{ "type": "Feature", "properties": { "uid": "11215#308", "sig_cd": 11215, "f_node": "11215#411", "t_node": "11215#412", "length": 13.6311998877806, "degree": 0.0, "width": 1.0, "type": 0, "braille": 0, "w_bicycle": 0 }, "geometry": { "type": "MultiLineString", "coordinates": [ [ [ 963165.71999999997206, 1949046.66 ], [ 963171.28000000002794, 1949059.1 ] ] ] } },
{ "type": "Feature", "properties": { "uid": "11215#432", "sig_cd": 11215, "f_node": "11215#123", "t_node": "11215#473", "length": 12.4302197447086, "degree": 0.0, "width": 1.0, "type": 0, "braille": 0, "w_bicycle": 0 }, "geometry": { "type": "MultiLineString", "coordinates": [ [ [ 962381.569999999948777, 1949005.92 ], [ 962379.949999999953434, 1948993.6 ] ] ] } },
{ "type": "Feature", "properties": { "uid": "11215#301", "sig_cd": 11215, "f_node": "11215#61", "t_node": "11215#406", "length": 59.740751536322698, "degree": 5.7352097382575202, "width": 1.0, "type": 0, "braille": 0, "w_bicycle": 0 }, "geometry": { "type": "MultiLineString", "coordinates": [ [ [ 963158.060000000055879, 1948951.610000000102445 ], [ 963149.160000000032596, 1948950.03 ], [ 963139.229999999981374, 1948946.6 ], [ 963112.459999999962747, 1948935.94 ], [ 963102.76, 1948930.03 ] ] ] } },
{ "type": "Feature", "properties": { "uid": "11215#302", "sig_cd": 11215, "f_node": "11215#27", "t_node": "11215#194", "length": 44.41641709413301, "degree": 4.99, "width": 1.0, "type": 0, "braille": 0, "w_bicycle": 0 }, "geometry": { "type": "MultiLineString", "coordinates": [ [ [ 962562.310000000055879, 1949402.91 ], [ 962563.599999999976717, 1949407.21 ], [ 962572.25, 1949434.55 ], [ 962575.479999999981374, 1949445.31 ] ] ] } },
{ "type": "Feature", "properties": { "uid": "11215#303", "sig_cd": 11215, "f_node": "11215#356", "t_node": "11215#629", "length": 48.7434316491263, "degree": 0.0, "width": 1.0, "type": 0, "braille": 1, "w_bicycle": 0 }, "geometry": { "type": "MultiLineString", "coordinates": [ [ [ 962605.589999999967404, 1949572.15 ], [ 962607.160000000032596, 1949523.45 ] ] ] } },
{ "type": "Feature", "properties": { "uid": "11215#304", "sig_cd": 11215, "f_node": "11215#55", "t_node": "11215#57", "length": 27.320905556836301, "degree": 4.1868129984520399, "width": 1.0, "type": 0, "braille": 1, "w_bicycle": 0 }, "geometry": { "type": "MultiLineString", "coordinates": [ [ [ 963230.939999999944121, 1949608.57 ], [ 963258.150000000023283, 1949606.23 ] ] ] } },
{ "type": "Feature", "properties": { "uid": "11215#310", "sig_cd": 11215, "f_node": "11215#754", "t_node": "11215#755", "length": 7.1018155807195704, "degree": 0.0, "width": 1.0, "type": 0, "braille": 0, "w_bicycle": 0 }, "geometry": { "type": "MultiLineString", "coordinates": [ [ [ 963004.050000000046566, 1949137.73 ], [ 963001.71999999997206, 1949131.02 ] ] ] } },
{ "type": "Feature", "properties": { "uid": "11215#311", "sig_cd": 11215, "f_node": "11215#796", "t_node": "11215#797", "length": 11.6365792405057, "degree": 0.0, "width": 1.0, "type": 0, "braille": 0, "w_bicycle": 0 }, "geometry": { "type": "MultiLineString", "coordinates": [ [ [ 962341.38, 1949541.59 ], [ 962352.959999999962747, 1949542.69 ] ] ] } },
{ "type": "Feature", "properties": { "uid": "11215#536", "sig_cd": 11215, "f_node": "11215#143", "t_node": "11215#391", "length": 3.6989833693081899, "degree": 0.0, "width": 1.0, "type": 0, "braille": 0, "w_bicycle": 0 }, "geometry": { "type": "MultiLineString", "coordinates": [ [ [ 962825.24, 1948794.860000000102445 ], [ 962828.92000000004191, 1948794.5 ] ] ] } },
{ "type": "Feature", "properties": { "uid": "11215#537", "sig_cd": 11215, "f_node": "11215#112", "t_node": "11215#113", "length": 5.4468237285320296, "degree": 0.0, "width": 1.0, "type": 0, "braille": 0, "w_bicycle": 0 }, "geometry": { "type": "MultiLineString", "coordinates": [ [ [ 962260.96999999997206, 1949201.44 ], [ 962266.01, 1949203.5 ] ] ] } },
{ "type": "Feature", "properties": { "uid": "11215#538", "sig_cd": 11215, "f_node": "11215#388", "t_node": "11215#547", "length": 55.385359559116601, "degree": 1.0343808391536, "width": 1.0, "type": 0, "braille": 0, "w_bicycle": 0 }, "geometry": { "type": "MultiLineString", "coordinates": [ [ [ 962975.050000000046566, 1948785.34 ], [ 962985.069999999948777, 1948812.29 ], [ 962991.709999999962747, 1948838.06 ] ] ] } },
{ "type": "Feature", "properties": { "uid": "11215#419", "sig_cd": 11215, "f_node": "11215#511", "t_node": "11215#895", "length": 4.7553253297526004, "degree": 0.0, "width": 1.0, "type": 0, "braille": 0, "w_bicycle": 0 }, "geometry": { "type": "MultiLineString", "coordinates": [ [ [ 962907.96999999997206, 1949156.129999999888241 ], [ 962912.71999999997206, 1949156.110000000102445 ] ] ] } },
{ "type": "Feature", "properties": { "uid": "11215#539", "sig_cd": 11215, "f_node": "11215#24", "t_node": "11215#25", "length": 4.3241072953368196, "degree": 4.99, "width": 1.0, "type": 0, "braille": 0, "w_bicycle": 0 }, "geometry": { "type": "MultiLineString", "coordinates": [ [ [ 962395.42000000004191, 1949043.99 ], [ 962391.62, 1949041.93 ] ] ] } },
{ "type": "Feature", "properties": { "uid": "11215#532", "sig_cd": 11215, "f_node": "11215#740", "t_node": "11215#741", "length": 10.3377196442315, "degree": 0.0, "width": 1.0, "type": 0, "braille": 0, "w_bicycle": 0 }, "geometry": { "type": "MultiLineString", "coordinates": [ [ [ 962863.979999999981374, 1949301.860000000102445 ], [ 962874.270000000018626, 1949300.91 ] ] ] } },
{ "type": "Feature", "properties": { "uid": "11215#533", "sig_cd": 11215, "f_node": "11215#11", "t_node": "11215#413", "length": 16.600714326893101, "degree": 4.99, "width": 1.0, "type": 0, "braille": 1, "w_bicycle": 0 }, "geometry": { "type": "MultiLineString", "coordinates": [ [ [ 963176.810000000055879, 1948881.9 ], [ 963177.5, 1948865.32 ] ] ] } },
{ "type": "Feature", "properties": { "uid": "11215#534", "sig_cd": 11215, "f_node": "11215#152", "t_node": "11215#419", "length": 3.75138437696069, "degree": 0.0, "width": 1.0, "type": 0, "braille": 0, "w_bicycle": 0 }, "geometry": { "type": "MultiLineString", "coordinates": [ [ [ 963244.459999999962747, 1949281.03 ], [ 963243.849999999976717, 1949277.33 ] ] ] } },
{ "type": "Feature", "properties": { "uid": "11215#415", "sig_cd": 11215, "f_node": "11215#748", "t_node": "11215#749", "length": 3.6414087788929401, "degree": 0.0, "width": 1.0, "type": 0, "braille": 0, "w_bicycle": 0 }, "geometry": { "type": "MultiLineString", "coordinates": [ [ [ 962972.89000000001397, 1949272.2 ], [ 962976.53000000002794, 1949272.19 ] ] ] } },
{ "type": "Feature", "properties": { "uid": "11215#535", "sig_cd": 11215, "f_node": "11215#116", "t_node": "11215#668", "length": 6.8183325113919002, "degree": 0.0, "width": 1.0, "type": 0, "braille": 0, "w_bicycle": 0 }, "geometry": { "type": "MultiLineString", "coordinates": [ [ [ 962230.310000000055879, 1949154.84 ], [ 962227.430000000051223, 1949148.66 ] ] ] } },
{ "type": "Feature", "properties": { "uid": "11215#416", "sig_cd": 11215, "f_node": "11215#319", "t_node": "11215#894", "length": 23.967161009296198, "degree": 4.2397444339000003, "width": 1.0, "type": 0, "braille": 0, "w_bicycle": 0 }, "geometry": { "type": "MultiLineString", "coordinates": [ [ [ 962927.89000000001397, 1949123.860000000102445 ], [ 962951.60999999998603, 1949127.24 ] ] ] } },
{ "type": "Feature", "properties": { "uid": "11215#417", "sig_cd": 11215, "f_node": "11215#48", "t_node": "11215#773", "length": 9.0444594478812004, "degree": 0.0, "width": 1.0, "type": 0, "braille": 0, "w_bicycle": 0 }, "geometry": { "type": "MultiLineString", "coordinates": [ [ [ 962843.069999999948777, 1949149.42 ], [ 962852.069999999948777, 1949148.56 ] ] ] } },
{ "type": "Feature", "properties": { "uid": "11215#540", "sig_cd": 11215, "f_node": "11215#321", "t_node": "11215#339", "length": 8.5734904763811208, "degree": 0.0, "width": 1.0, "type": 0, "braille": 0, "w_bicycle": 0 }, "geometry": { "type": "MultiLineString", "coordinates": [ [ [ 962448.82999999995809, 1949505.03 ], [ 962457.290000000037253, 1949503.66 ] ] ] } },
{ "type": "Feature", "properties": { "uid": "11215#418", "sig_cd": 11215, "f_node": "11215#518", "t_node": "11215#893", "length": 4.9667791633655396, "degree": 6.85992171436944, "width": 1.0, "type": 0, "braille": 0, "w_bicycle": 0 }, "geometry": { "type": "MultiLineString", "coordinates": [ [ [ 962909.930000000051223, 1949126.77 ], [ 962914.03000000002794, 1949123.97 ] ] ] } },
{ "type": "Feature", "properties": { "uid": "11215#541", "sig_cd": 11215, "f_node": "11215#768", "t_node": "11215#769", "length": 2.2397186033060499, "degree": 0.0, "width": 1.0, "type": 0, "braille": 0, "w_bicycle": 0 }, "geometry": { "type": "MultiLineString", "coordinates": [ [ [ 962669.17000000004191, 1949459.84 ], [ 962668.88, 1949457.620000000111759 ] ] ] } },
{ "type": "Feature", "properties": { "uid": "11215#411", "sig_cd": 11215, "f_node": "11215#496", "t_node": "11215#677", "length": 9.3777717090941106, "degree": 0.0, "width": 1.0, "type": 0, "braille": 0, "w_bicycle": 0 }, "geometry": { "type": "MultiLineString", "coordinates": [ [ [ 962548.25, 1949297.91 ], [ 962545.92000000004191, 1949306.99 ] ] ] } },
{ "type": "Feature", "properties": { "uid": "11215#542", "sig_cd": 11215, "f_node": "11215#331", "t_node": "11215#747", "length": 6.4090918979617104, "degree": 0.0, "width": 1.0, "type": 0, "braille": 0, "w_bicycle": 0 }, "geometry": { "type": "MultiLineString", "coordinates": [ [ [ 962935.39000000001397, 1949275.69 ], [ 962934.540000000037253, 1949269.34 ] ] ] } },
{ "type": "Feature", "properties": { "uid": "11215#107", "sig_cd": 11215, "f_node": "11215#533", "t_node": "11215#762", "length": 4.9304273129102203, "degree": 0.0, "width": 1.0, "type": 0, "braille": 0, "w_bicycle": 0 }, "geometry": { "type": "MultiLineString", "coordinates": [ [ [ 962778.810000000055879, 1948986.1 ], [ 962773.930000000051223, 1948985.41 ] ] ] } },
{ "type": "Feature", "properties": { "uid": "11215#412", "sig_cd": 11215, "f_node": "11215#896", "t_node": "11215#897", "length": 14.8049982010084, "degree": 5.99, "width": 1.0, "type": 90, "braille": 0, "w_bicycle": 0 }, "geometry": { "type": "MultiLineString", "coordinates": [ [ [ 962913.910000000032596, 1949150.94 ], [ 962928.650000000023283, 1949149.59 ] ] ] } },
{ "type": "Feature", "properties": { "uid": "11215#108", "sig_cd": 11215, "f_node": "11215#708", "t_node": "11215#710", "length": 2.5522905978528998, "degree": 0.0, "width": 1.0, "type": 0, "braille": 0, "w_bicycle": 0 }, "geometry": { "type": "MultiLineString", "coordinates": [ [ [ 962752.35999999998603, 1949318.120000000111759 ], [ 962752.599999999976717, 1949320.66 ] ] ] } },
{ "type": "Feature", "properties": { "uid": "11215#413", "sig_cd": 11215, "f_node": "11215#96", "t_node": "11215#569", "length": 5.6486776537499104, "degree": 0.0, "width": 1.0, "type": 0, "braille": 0, "w_bicycle": 0 }, "geometry": { "type": "MultiLineString", "coordinates": [ [ [ 962653.800000000046566, 1949471.379999999888241 ], [ 962659.439999999944121, 1949471.58 ] ] ] } },
{ "type": "Feature", "properties": { "uid": "11215#109", "sig_cd": 11215, "f_node": "11215#142", "t_node": "11215#375", "length": 4.5950693501123201, "degree": 0.0, "width": 1.0, "type": 0, "braille": 0, "w_bicycle": 0 }, "geometry": { "type": "MultiLineString", "coordinates": [ [ [ 962640.199999999953434, 1948854.44 ], [ 962644.729999999981374, 1948853.68 ] ] ] } },
{ "type": "Feature", "properties": { "uid": "11215#414", "sig_cd": 11215, "f_node": "11215#495", "t_node": "11215#677", "length": 19.202048769105499, "degree": 4.99, "width": 1.0, "type": 0, "braille": 0, "w_bicycle": 0 }, "geometry": { "type": "MultiLineString", "coordinates": [ [ [ 962545.92000000004191, 1949306.99 ], [ 962541.14000000001397, 1949325.58 ] ] ] } },
{ "type": "Feature", "properties": { "uid": "11215#103", "sig_cd": 11215, "f_node": "11215#107", "t_node": "11215#482", "length": 3.91916443828773, "degree": 0.0, "width": 1.0, "type": 0, "braille": 0, "w_bicycle": 0 }, "geometry": { "type": "MultiLineString", "coordinates": [ [ [ 962445.39000000001397, 1949112.639999999897555 ], [ 962442.53000000002794, 1949109.96 ] ] ] } },
{ "type": "Feature", "properties": { "uid": "11215#104", "sig_cd": 11215, "f_node": "11215#20", "t_node": "11215#358", "length": 209.064725538419, "degree": 0.27405552234296998, "width": 1.0, "type": 0, "braille": 1, "w_bicycle": 1 }, "geometry": { "type": "MultiLineString", "coordinates": [ [ [ 962094.839999999967404, 1949054.41 ], [ 962098.5, 1949067.52 ], [ 962104.160000000032596, 1949083.29 ], [ 962119.959999999962747, 1949124.8 ], [ 962155.78000000002794, 1949221.27 ], [ 962166.540000000037253, 1949250.66 ] ] ] } },
{ "type": "Feature", "properties": { "uid": "11215#420", "sig_cd": 11215, "f_node": "11215#94", "t_node": "11215#889", "length": 2.99250008026105, "degree": 0.0, "width": 1.0, "type": 0, "braille": 0, "w_bicycle": 0 }, "geometry": { "type": "MultiLineString", "coordinates": [ [ [ 962768.040000000037253, 1949475.91 ], [ 962765.050000000046566, 1949475.82 ] ] ] } },
{ "type": "Feature", "properties": { "uid": "11215#105", "sig_cd": 11215, "f_node": "11215#38", "t_node": "11215#39", "length": 7.5222215493883899, "degree": 0.0, "width": 1.0, "type": 0, "braille": 0, "w_bicycle": 0 }, "geometry": { "type": "MultiLineString", "coordinates": [ [ [ 962735.069999999948777, 1949480.3 ], [ 962735.930000000051223, 1949487.77 ] ] ] } },
{ "type": "Feature", "properties": { "uid": "11215#421", "sig_cd": 11215, "f_node": "11215#892", "t_node": "11215#893", "length": 16.4009217195531, "degree": 6.85992171436944, "width": 0.9, "type": 0, "braille": 0, "w_bicycle": 0 }, "geometry": { "type": "MultiLineString", "coordinates": [ [ [ 962900.939999999944121, 1949140.48 ], [ 962909.930000000051223, 1949126.77 ] ] ] } },
{ "type": "Feature", "properties": { "uid": "11215#106", "sig_cd": 11215, "f_node": "11215#878", "t_node": "11215#879", "length": 6.1919171881788797, "degree": 0.0, "width": 1.0, "type": 1, "braille": 0, "w_bicycle": 0 }, "geometry": { "type": "MultiLineString", "coordinates": [ [ [ 962507.819999999948777, 1949239.29 ], [ 962505.57999999995809, 1949233.52 ] ] ] } },
{ "type": "Feature", "properties": { "uid": "11215#110", "sig_cd": 11215, "f_node": "11215#504", "t_node": "11215#886", "length": 27.336338516785499, "degree": 1.1829089656848399, "width": 1.0, "type": 0, "braille": 1, "w_bicycle": 0 }, "geometry": { "type": "MultiLineString", "coordinates": [ [ [ 962641.71999999997206, 1949328.04 ], [ 962626.17000000004191, 1949350.51 ] ] ] } },
{ "type": "Feature", "properties": { "uid": "11215#111", "sig_cd": 11215, "f_node": "11215#688", "t_node": "11215#767", "length": 32.868061490370998, "degree": 1.7426677422182899, "width": 1.0, "type": 0, "braille": 0, "w_bicycle": 0 }, "geometry": { "type": "MultiLineString", "coordinates": [ [ [ 962295.709999999962747, 1949030.47 ], [ 962308.270000000018626, 1949060.83 ] ] ] } },
{ "type": "Feature", "properties": { "uid": "11215#112", "sig_cd": 11215, "f_node": "11215#496", "t_node": "11215#813", "length": 6.4252699825429396, "degree": 4.99, "width": 1.0, "type": 0, "braille": 0, "w_bicycle": 0 }, "geometry": { "type": "MultiLineString", "coordinates": [ [ [ 962544.550000000046566, 1949292.66 ], [ 962548.25, 1949297.91 ] ] ] } },
{ "type": "Feature", "properties": { "uid": "11215#113", "sig_cd": 11215, "f_node": "11215#562", "t_node": "11215#714", "length": 15.997751338672201, "degree": 0.0, "width": 1.0, "type": 0, "braille": 0, "w_bicycle": 0 }, "geometry": { "type": "MultiLineString", "coordinates": [ [ [ 962730.12, 1949429.71 ], [ 962731.92000000004191, 1949445.6 ] ] ] } },
{ "type": "Feature", "properties": { "uid": "11215#300", "sig_cd": 11215, "f_node": "11215#133", "t_node": "11215#736", "length": 1.9046727408917301, "degree": 0.0, "width": 1.0, "type": 0, "braille": 0, "w_bicycle": 0 }, "geometry": { "type": "MultiLineString", "coordinates": [ [ [ 962844.180000000051223, 1949295.32 ], [ 962846.069999999948777, 1949295.09 ] ] ] } },
{ "type": "Feature", "properties": { "uid": "11215#448", "sig_cd": 11215, "f_node": "11215#914", "t_node": "11215#915", "length": 4.1654633342549401, "degree": 0.0, "width": 1.0, "type": 0, "braille": 0, "w_bicycle": 0 }, "geometry": { "type": "MultiLineString", "coordinates": [ [ [ 962748.13, 1949256.33 ], [ 962744.0, 1949256.860000000102445 ] ] ] } },
{ "type": "Feature", "properties": { "uid": "11215#449", "sig_cd": 11215, "f_node": "11215#908", "t_node": "11215#909", "length": 5.5033438654598399, "degree": 0.0, "width": 1.0, "type": 0, "braille": 0, "w_bicycle": 0 }, "geometry": { "type": "MultiLineString", "coordinates": [ [ [ 962837.32999999995809, 1948950.09 ], [ 962842.78000000002794, 1948950.8 ] ] ] } },
{ "type": "Feature", "properties": { "uid": "11215#444", "sig_cd": 11215, "f_node": "11215#125", "t_node": "11215#912", "length": 15.1702740257942, "degree": 2.4915733831203499, "width": 1.0, "type": 0, "braille": 0, "w_bicycle": 0 }, "geometry": { "type": "MultiLineString", "coordinates": [ [ [ 962759.959999999962747, 1949274.72 ], [ 962761.650000000023283, 1949289.79 ] ] ] } },
{ "type": "Feature", "properties": { "uid": "11215#445", "sig_cd": 11215, "f_node": "11215#910", "t_node": "11215#911", "length": 5.8507443128965901, "degree": 5.99, "width": 1.0, "type": 90, "braille": 0, "w_bicycle": 0 }, "geometry": { "type": "MultiLineString", "coordinates": [ [ [ 962749.32999999995809, 1949252.7 ], [ 962743.520000000018626, 1949253.370000000111759 ] ] ] } },
{ "type": "Feature", "properties": { "uid": "11215#446", "sig_cd": 11215, "f_node": "11215#912", "t_node": "11215#916", "length": 23.0912422506612, "degree": 2.4915733831203499, "width": 1.0, "type": 0, "braille": 0, "w_bicycle": 0 }, "geometry": { "type": "MultiLineString", "coordinates": [ [ [ 962757.400000000023283, 1949251.78 ], [ 962759.959999999962747, 1949274.72 ] ] ] } },
{ "type": "Feature", "properties": { "uid": "11215#447", "sig_cd": 11215, "f_node": "11215#913", "t_node": "11215#914", "length": 19.5804789026054, "degree": 4.99, "width": 1.0, "type": 0, "braille": 0, "w_bicycle": 0 }, "geometry": { "type": "MultiLineString", "coordinates": [ [ [ 962750.229999999981374, 1949275.79 ], [ 962748.13, 1949256.33 ] ] ] } },
{ "type": "Feature", "properties": { "uid": "11215#327", "sig_cd": 11215, "f_node": "11215#594", "t_node": "11215#595", "length": 13.2352283220585, "degree": 0.0, "width": 1.0, "type": 0, "braille": 0, "w_bicycle": 0 }, "geometry": { "type": "MultiLineString", "coordinates": [ [ [ 962581.020000000018626, 1949727.17 ], [ 962578.35999999998603, 1949714.21 ] ] ] } },
{ "type": "Feature", "properties": { "uid": "11215#451", "sig_cd": 11215, "f_node": "11215#911", "t_node": "11215#916", "length": 8.1253830811465892, "degree": 0.0, "width": 1.0, "type": 0, "braille": 0, "w_bicycle": 0 }, "geometry": { "type": "MultiLineString", "coordinates": [ [ [ 962757.400000000023283, 1949251.78 ], [ 962749.32999999995809, 1949252.7 ] ] ] } },
{ "type": "Feature", "properties": { "uid": "11215#328", "sig_cd": 11215, "f_node": "11215#7", "t_node": "11215#436", "length": 5.68383662562875, "degree": 0.0, "width": 1.0, "type": 0, "braille": 0, "w_bicycle": 0 }, "geometry": { "type": "MultiLineString", "coordinates": [ [ [ 962293.089999999967404, 1949596.92 ], [ 962292.020000000018626, 1949591.34 ] ] ] } },
{ "type": "Feature", "properties": { "uid": "11215#452", "sig_cd": 11215, "f_node": "11215#139", "t_node": "11215#140", "length": 48.790801098026797, "degree": 5.99, "width": 1.0, "type": 0, "braille": 1, "w_bicycle": 0 }, "geometry": { "type": "MultiLineString", "coordinates": [ [ [ 962498.57999999995809, 1949452.83 ], [ 962468.040000000037253, 1949458.93 ], [ 962450.75, 1949462.370000000111759 ] ] ] } },
{ "type": "Feature", "properties": { "uid": "11215#329", "sig_cd": 11215, "f_node": "11215#145", "t_node": "11215#146", "length": 71.363178330486903, "degree": 2.40721047911159, "width": 1.0, "type": 0, "braille": 0, "w_bicycle": 0 }, "geometry": { "type": "MultiLineString", "coordinates": [ [ [ 963057.849999999976717, 1948724.27 ], [ 963063.459999999962747, 1948741.92 ], [ 963064.14000000001397, 1948749.24 ], [ 963072.13, 1948776.6 ], [ 963074.550000000046566, 1948780.02 ], [ 963077.459999999962747, 1948790.18 ], [ 963077.339999999967404, 1948792.379999999888241 ] ] ] } },
{ "type": "Feature", "properties": { "uid": "11215#453", "sig_cd": 11215, "f_node": "11215#29", "t_node": "11215#340", "length": 41.232527663231899, "degree": 4.1613987565174, "width": 1.0, "type": 0, "braille": 0, "w_bicycle": 0 }, "geometry": { "type": "MultiLineString", "coordinates": [ [ [ 962453.85999999998603, 1949477.57 ], [ 962473.699999999953434, 1949473.99 ], [ 962494.300000000046566, 1949469.629999999888241 ] ] ] } },
{ "type": "Feature", "properties": { "uid": "11215#454", "sig_cd": 11215, "f_node": "11215#106", "t_node": "11215#664", "length": 38.171182427067102, "degree": 2.99930108664114, "width": 1.0, "type": 0, "braille": 0, "w_bicycle": 0 }, "geometry": { "type": "MultiLineString", "coordinates": [ [ [ 962503.49, 1949193.56 ], [ 962518.0, 1949228.85 ] ] ] } },
{ "type": "Feature", "properties": { "uid": "11215#323", "sig_cd": 11215, "f_node": "11215#272", "t_node": "11215#367", "length": 6.4938945071893501, "degree": 4.99, "width": 1.0, "type": 0, "braille": 0, "w_bicycle": 0 }, "geometry": { "type": "MultiLineString", "coordinates": [ [ [ 962459.910000000032596, 1948912.44 ], [ 962466.01, 1948910.22 ] ] ] } },
{ "type": "Feature", "properties": { "uid": "11215#324", "sig_cd": 11215, "f_node": "11215#58", "t_node": "11215#151", "length": 14.2898223125607, "degree": 4.99, "width": 1.0, "type": 0, "braille": 0, "w_bicycle": 0 }, "geometry": { "type": "MultiLineString", "coordinates": [ [ [ 963216.300000000046566, 1949196.75 ], [ 963211.689999999944121, 1949183.23 ] ] ] } },
{ "type": "Feature", "properties": { "uid": "11215#325", "sig_cd": 11215, "f_node": "11215#624", "t_node": "11215#656", "length": 99.057791366741796, "degree": 2.1835165625783799, "width": 1.0, "type": 0, "braille": 0, "w_bicycle": 0 }, "geometry": { "type": "MultiLineString", "coordinates": [ [ [ 962432.449999999953434, 1949472.69 ], [ 962361.770000000018626, 1949487.889999999897555 ], [ 962335.99, 1949494.93 ] ] ] } },
{ "type": "Feature", "properties": { "uid": "11215#100", "sig_cd": 11215, "f_node": "11215#665", "t_node": "11215#666", "length": 82.870325314591796, "degree": 0.69135723220341005, "width": 1.0, "type": 0, "braille": 0, "w_bicycle": 0 }, "geometry": { "type": "MultiLineString", "coordinates": [ [ [ 962447.560000000055879, 1949123.15 ], [ 962370.849999999976717, 1949154.42 ] ] ] } },
{ "type": "Feature", "properties": { "uid": "11215#326", "sig_cd": 11215, "f_node": "11215#792", "t_node": "11215#793", "length": 51.966377389391504, "degree": 5.99, "width": 1.0, "type": 90, "braille": 0, "w_bicycle": 0 }, "geometry": { "type": "MultiLineString", "coordinates": [ [ [ 962375.60999999998603, 1949224.83 ], [ 962396.25, 1949272.5 ] ] ] } },
{ "type": "Feature", "properties": { "uid": "11215#206", "sig_cd": 11215, "f_node": "11215#765", "t_node": "11215#875", "length": 5.3593627150988699, "degree": 0.0, "width": 1.0, "type": 0, "braille": 0, "w_bicycle": 0 }, "geometry": { "type": "MultiLineString", "coordinates": [ [ [ 962312.770000000018626, 1949075.81 ], [ 962317.689999999944121, 1949073.69 ] ] ] } },
{ "type": "Feature", "properties": { "uid": "11215#101", "sig_cd": 11215, "f_node": "11215#137", "t_node": "11215#722", "length": 6.2713978474543497, "degree": 0.0, "width": 1.0, "type": 0, "braille": 0, "w_bicycle": 0 }, "geometry": { "type": "MultiLineString", "coordinates": [ [ [ 962759.63, 1949389.27 ], [ 962761.24, 1949395.33 ] ] ] } },
{ "type": "Feature", "properties": { "uid": "11215#450", "sig_cd": 11215, "f_node": "11215#28", "t_node": "11215#102", "length": 30.8222671023982, "degree": 1.6731107375705401, "width": 1.0, "type": 0, "braille": 0, "w_bicycle": 0 }, "geometry": { "type": "MultiLineString", "coordinates": [ [ [ 962607.900000000023283, 1949385.85 ], [ 962608.069999999948777, 1949416.66 ] ] ] } },
{ "type": "Feature", "properties": { "uid": "11215#330", "sig_cd": 11215, "f_node": "11215#159", "t_node": "11215#431", "length": 5.5982123098172902, "degree": 0.0, "width": 1.0, "type": 0, "braille": 0, "w_bicycle": 0 }, "geometry": { "type": "MultiLineString", "coordinates": [ [ [ 962495.57999999995809, 1949783.68 ], [ 962500.959999999962747, 1949782.139999999897555 ] ] ] } },
{ "type": "Feature", "properties": { "uid": "11215#207", "sig_cd": 11215, "f_node": "11215#872", "t_node": "11215#873", "length": 2.1831718078191402, "degree": 0.0, "width": 1.0, "type": 0, "braille": 0, "w_bicycle": 0 }, "geometry": { "type": "MultiLineString", "coordinates": [ [ [ 962303.42000000004191, 1949075.26 ], [ 962304.270000000018626, 1949077.27 ] ] ] } },
{ "type": "Feature", "properties": { "uid": "11215#102", "sig_cd": 11215, "f_node": "11215#424", "t_node": "11215#425", "length": 11.5366741312942, "degree": 0.0, "width": 1.0, "type": 0, "braille": 0, "w_bicycle": 0 }, "geometry": { "type": "MultiLineString", "coordinates": [ [ [ 963341.099999999976717, 1949596.91 ], [ 963348.07999999995809, 1949587.73 ] ] ] } },
{ "type": "Feature", "properties": { "uid": "11215#331", "sig_cd": 11215, "f_node": "11215#565", "t_node": "11215#717", "length": 4.3619452100478702, "degree": 0.0, "width": 1.0, "type": 0, "braille": 0, "w_bicycle": 0 }, "geometry": { "type": "MultiLineString", "coordinates": [ [ [ 962731.310000000055879, 1949469.629999999888241 ], [ 962730.89000000001397, 1949465.29 ] ] ] } },
{ "type": "Feature", "properties": { "uid": "11215#208", "sig_cd": 11215, "f_node": "11215#873", "t_node": "11215#874", "length": 8.3889704685484308, "degree": 0.0, "width": 0.9, "type": 0, "braille": 0, "w_bicycle": 0 }, "geometry": { "type": "MultiLineString", "coordinates": [ [ [ 962304.270000000018626, 1949077.27 ], [ 962311.939999999944121, 1949073.879999999888241 ] ] ] } },
{ "type": "Feature", "properties": { "uid": "11215#332", "sig_cd": 11215, "f_node": "11215#752", "t_node": "11215#753", "length": 4.9231748164198699, "degree": 5.99, "width": 1.0, "type": 90, "braille": 0, "w_bicycle": 0 }, "geometry": { "type": "MultiLineString", "coordinates": [ [ [ 963046.42000000004191, 1949165.46 ], [ 963051.089999999967404, 1949163.92 ] ] ] } },
{ "type": "Feature", "properties": { "uid": "11215#209", "sig_cd": 11215, "f_node": "11215#326", "t_node": "11215#870", "length": 13.5860726549774, "degree": 4.3553189627456304, "width": 1.0, "type": 0, "braille": 1, "w_bicycle": 0 }, "geometry": { "type": "MultiLineString", "coordinates": [ [ [ 962580.51, 1949311.06 ], [ 962593.560000000055879, 1949314.82 ] ] ] } },
{ "type": "Feature", "properties": { "uid": "11215#333", "sig_cd": 11215, "f_node": "11215#765", "t_node": "11215#766", "length": 4.2039526291557099, "degree": 0.0, "width": 1.0, "type": 0, "braille": 0, "w_bicycle": 0 }, "geometry": { "type": "MultiLineString", "coordinates": [ [ [ 962317.689999999944121, 1949073.69 ], [ 962316.150000000023283, 1949069.78 ] ] ] } },
{ "type": "Feature", "properties": { "uid": "11215#202", "sig_cd": 11215, "f_node": "11215#408", "t_node": "11215#410", "length": 5.2517748499447396, "degree": 0.0, "width": 1.0, "type": 0, "braille": 0, "w_bicycle": 0 }, "geometry": { "type": "MultiLineString", "coordinates": [ [ [ 963168.849999999976717, 1949008.47 ], [ 963167.25, 1949003.47 ] ] ] } },
{ "type": "Feature", "properties": { "uid": "11215#203", "sig_cd": 11215, "f_node": "11215#171", "t_node": "11215#342", "length": 8.4770366617612094, "degree": 4.99, "width": 1.0, "type": 0, "braille": 0, "w_bicycle": 0 }, "geometry": { "type": "MultiLineString", "coordinates": [ [ [ 962222.21999999997206, 1949096.66 ], [ 962230.160000000032596, 1949093.7 ] ] ] } },
{ "type": "Feature", "properties": { "uid": "11215#204", "sig_cd": 11215, "f_node": "11215#876", "t_node": "11215#877", "length": 13.464933672857301, "degree": 4.99, "width": 1.0, "type": 1, "braille": 0, "w_bicycle": 0 }, "geometry": { "type": "MultiLineString", "coordinates": [ [ [ 962523.03000000002794, 1949241.16 ], [ 962510.439999999944121, 1949245.92 ] ] ] } },
{ "type": "Feature", "properties": { "uid": "11215#205", "sig_cd": 11215, "f_node": "11215#874", "t_node": "11215#875", "length": 2.1017070470843202, "degree": 0.0, "width": 1.0, "type": 0, "braille": 0, "w_bicycle": 0 }, "geometry": { "type": "MultiLineString", "coordinates": [ [ [ 962311.939999999944121, 1949073.879999999888241 ], [ 962312.770000000018626, 1949075.81 ] ] ] } },
{ "type": "Feature", "properties": { "uid": "11215#210", "sig_cd": 11215, "f_node": "11215#109", "t_node": "11215#871", "length": 15.191081125635501, "degree": 1.7900115261627201, "width": 1.0, "type": 0, "braille": 1, "w_bicycle": 0 }, "geometry": { "type": "MultiLineString", "coordinates": [ [ [ 962401.92000000004191, 1949022.93 ], [ 962409.599999999976717, 1949036.03 ] ] ] } },
{ "type": "Feature", "properties": { "uid": "11215#211", "sig_cd": 11215, "f_node": "11215#790", "t_node": "11215#791", "length": 36.575203274846999, "degree": 4.99, "width": 1.0, "type": 0, "braille": 0, "w_bicycle": 0 }, "geometry": { "type": "MultiLineString", "coordinates": [ [ [ 962370.28000000002794, 1949227.01 ], [ 962336.160000000032596, 1949240.139999999897555 ] ] ] } },
{ "type": "Feature", "properties": { "uid": "11215#212", "sig_cd": 11215, "f_node": "11215#35", "t_node": "11215#85", "length": 7.4463270620618403, "degree": 0.0, "width": 1.0, "type": 0, "braille": 0, "w_bicycle": 0 }, "geometry": { "type": "MultiLineString", "coordinates": [ [ [ 962606.949999999953434, 1949623.139999999897555 ], [ 962606.400000000023283, 1949625.04 ], [ 962604.569999999948777, 1949630.19 ] ] ] } },
{ "type": "Feature", "properties": { "uid": "11215#558", "sig_cd": 11215, "f_node": "11215#458", "t_node": "11215#939", "length": 8.6336081811929102, "degree": 4.99, "width": 1.0, "type": 0, "braille": 0, "w_bicycle": 0 }, "geometry": { "type": "MultiLineString", "coordinates": [ [ [ 962337.189999999944121, 1949178.56 ], [ 962334.07999999995809, 1949170.52 ] ] ] } },
{ "type": "Feature", "properties": { "uid": "11215#559", "sig_cd": 11215, "f_node": "11215#459", "t_node": "11215#938", "length": 7.0362185360121003, "degree": 4.99, "width": 1.0, "type": 0, "braille": 0, "w_bicycle": 0 }, "geometry": { "type": "MultiLineString", "coordinates": [ [ [ 962289.87, 1949197.22 ], [ 962287.24, 1949190.69 ] ] ] } },
{ "type": "Feature", "properties": { "uid": "11215#554", "sig_cd": 11215, "f_node": "11215#646", "t_node": "11215#647", "length": 11.2611810555565, "degree": 0.0, "width": 1.0, "type": 0, "braille": 0, "w_bicycle": 0 }, "geometry": { "type": "MultiLineString", "coordinates": [ [ [ 962329.550000000046566, 1949224.629999999888241 ], [ 962340.01, 1949220.47 ] ] ] } },
{ "type": "Feature", "properties": { "uid": "11215#555", "sig_cd": 11215, "f_node": "11215#645", "t_node": "11215#646", "length": 18.0861497231245, "degree": 4.99, "width": 1.0, "type": 0, "braille": 0, "w_bicycle": 0 }, "geometry": { "type": "MultiLineString", "coordinates": [ [ [ 962340.01, 1949220.47 ], [ 962346.959999999962747, 1949203.78 ] ] ] } },
{ "type": "Feature", "properties": { "uid": "11215#556", "sig_cd": 11215, "f_node": "11215#458", "t_node": "11215#645", "length": 27.052838957983599, "degree": 4.99, "width": 1.0, "type": 0, "braille": 0, "w_bicycle": 0 }, "geometry": { "type": "MultiLineString", "coordinates": [ [ [ 962346.959999999962747, 1949203.78 ], [ 962337.189999999944121, 1949178.56 ] ] ] } },
{ "type": "Feature", "properties": { "uid": "11215#437", "sig_cd": 11215, "f_node": "11215#40", "t_node": "11215#42", "length": 38.373721480611501, "degree": 1.49276152474149, "width": 1.0, "type": 0, "braille": 0, "w_bicycle": 0 }, "geometry": { "type": "MultiLineString", "coordinates": [ [ [ 962784.28000000002794, 1949528.77 ], [ 962822.349999999976717, 1949524.07 ] ] ] } },
{ "type": "Feature", "properties": { "uid": "11215#557", "sig_cd": 11215, "f_node": "11215#458", "t_node": "11215#938", "length": 50.8882426324775, "degree": 0.0, "width": 1.0, "type": 0, "braille": 0, "w_bicycle": 0 }, "geometry": { "type": "MultiLineString", "coordinates": [ [ [ 962337.189999999944121, 1949178.56 ], [ 962289.87, 1949197.22 ] ] ] } },
{ "type": "Feature", "properties": { "uid": "11215#438", "sig_cd": 11215, "f_node": "11215#169", "t_node": "11215#767", "length": 29.811897768245998, "degree": 0.0, "width": 1.0, "type": 0, "braille": 0, "w_bicycle": 0 }, "geometry": { "type": "MultiLineString", "coordinates": [ [ [ 962335.910000000032596, 1949049.69 ], [ 962312.150000000023283, 1949059.26 ], [ 962308.270000000018626, 1949060.83 ] ] ] } },
{ "type": "Feature", "properties": { "uid": "11215#439", "sig_cd": 11215, "f_node": "11215#20", "t_node": "11215#438", "length": 5.7894496628705001, "degree": 0.0, "width": 1.0, "type": 0, "braille": 1, "w_bicycle": 1 }, "geometry": { "type": "MultiLineString", "coordinates": [ [ [ 962166.540000000037253, 1949250.66 ], [ 962168.180000000051223, 1949256.21 ] ] ] } },
{ "type": "Feature", "properties": { "uid": "11215#433", "sig_cd": 11215, "f_node": "11215#23", "t_node": "11215#358", "length": 89.057621325963694, "degree": 3.8543131140092601, "width": 1.0, "type": 0, "braille": 1, "w_bicycle": 1 }, "geometry": { "type": "MultiLineString", "coordinates": [ [ [ 962176.88, 1949019.85 ], [ 962155.229999999981374, 1949028.79 ], [ 962117.0, 1949045.15 ], [ 962094.839999999967404, 1949054.41 ] ] ] } },
{ "type": "Feature", "properties": { "uid": "11215#129", "sig_cd": 11215, "f_node": "11215#162", "t_node": "11215#433", "length": 4.2233217375219203, "degree": 0.0, "width": 1.0, "type": 0, "braille": 0, "w_bicycle": 0 }, "geometry": { "type": "MultiLineString", "coordinates": [ [ [ 962441.209999999962747, 1949815.32 ], [ 962444.99, 1949813.44 ] ] ] } },
{ "type": "Feature", "properties": { "uid": "11215#434", "sig_cd": 11215, "f_node": "11215#713", "t_node": "11215#918", "length": 5.5105940381766798, "degree": 0.0, "width": 1.0, "type": 0, "braille": 1, "w_bicycle": 0 }, "geometry": { "type": "MultiLineString", "coordinates": [ [ [ 962736.430000000051223, 1949322.16 ], [ 962737.07999999995809, 1949327.629999999888241 ] ] ] } },
{ "type": "Feature", "properties": { "uid": "11215#435", "sig_cd": 11215, "f_node": "11215#711", "t_node": "11215#921", "length": 8.8273296505253391, "degree": 0.0, "width": 1.0, "type": 0, "braille": 0, "w_bicycle": 0 }, "geometry": { "type": "MultiLineString", "coordinates": [ [ [ 962729.01, 1949317.42 ], [ 962730.150000000023283, 1949326.17 ] ] ] } },
{ "type": "Feature", "properties": { "uid": "11215#436", "sig_cd": 11215, "f_node": "11215#712", "t_node": "11215#921", "length": 6.16194496923488, "degree": 5.99, "width": 1.0, "type": 90, "braille": 0, "w_bicycle": 0 }, "geometry": { "type": "MultiLineString", "coordinates": [ [ [ 962730.150000000023283, 1949326.17 ], [ 962730.930000000051223, 1949332.28 ] ] ] } },
{ "type": "Feature", "properties": { "uid": "11215#316", "sig_cd": 11215, "f_node": "11215#349", "t_node": "11215#350", "length": 5.7414405761140301, "degree": 0.0, "width": 1.0, "type": 0, "braille": 0, "w_bicycle": 0 }, "geometry": { "type": "MultiLineString", "coordinates": [ [ [ 962814.459999999962747, 1949169.06 ], [ 962813.790000000037253, 1949163.360000000102445 ] ] ] } },
{ "type": "Feature", "properties": { "uid": "11215#440", "sig_cd": 11215, "f_node": "11215#41", "t_node": "11215#42", "length": 8.7776246977699905, "degree": 0.0, "width": 1.0, "type": 0, "braille": 0, "w_bicycle": 0 }, "geometry": { "type": "MultiLineString", "coordinates": [ [ [ 962775.569999999948777, 1949529.83 ], [ 962784.28000000002794, 1949528.77 ] ] ] } },
{ "type": "Feature", "properties": { "uid": "11215#317", "sig_cd": 11215, "f_node": "11215#41", "t_node": "11215#180", "length": 44.920213560877599, "degree": 4.99, "width": 1.0, "type": 0, "braille": 0, "w_bicycle": 0 }, "geometry": { "type": "MultiLineString", "coordinates": [ [ [ 962769.51, 1949485.34 ], [ 962770.300000000046566, 1949490.120000000111759 ], [ 962775.569999999948777, 1949529.83 ] ] ] } },
{ "type": "Feature", "properties": { "uid": "11215#560", "sig_cd": 11215, "f_node": "11215#458", "t_node": "11215#940", "length": 7.5165479940554603, "degree": 0.0, "width": 1.0, "type": 0, "braille": 0, "w_bicycle": 0 }, "geometry": { "type": "MultiLineString", "coordinates": [ [ [ 962344.189999999944121, 1949175.83 ], [ 962337.189999999944121, 1949178.56 ] ] ] } },
{ "type": "Feature", "properties": { "uid": "11215#125", "sig_cd": 11215, "f_node": "11215#756", "t_node": "11215#757", "length": 5.0267941910678902, "degree": 0.0, "width": 1.0, "type": 0, "braille": 0, "w_bicycle": 0 }, "geometry": { "type": "MultiLineString", "coordinates": [ [ [ 963023.99, 1949161.4 ], [ 963028.76, 1949159.82 ] ] ] } },
{ "type": "Feature", "properties": { "uid": "11215#441", "sig_cd": 11215, "f_node": "11215#21", "t_node": "11215#439", "length": 30.6174759640889, "degree": 0.0, "width": 1.0, "type": 0, "braille": 0, "w_bicycle": 0 }, "geometry": { "type": "MultiLineString", "coordinates": [ [ [ 962208.209999999962747, 1949257.78 ], [ 962236.520000000018626, 1949246.15 ] ] ] } },
{ "type": "Feature", "properties": { "uid": "11215#318", "sig_cd": 11215, "f_node": "11215#114", "t_node": "11215#442", "length": 25.968323756371898, "degree": 2.20224192979938, "width": 1.0, "type": 0, "braille": 0, "w_bicycle": 0 }, "geometry": { "type": "MultiLineString", "coordinates": [ [ [ 962292.67000000004191, 1949157.73 ], [ 962268.96999999997206, 1949168.32 ] ] ] } },
{ "type": "Feature", "properties": { "uid": "11215#126", "sig_cd": 11215, "f_node": "11215#105", "t_node": "11215#499", "length": 7.2436080201774002, "degree": 0.0, "width": 1.0, "type": 0, "braille": 0, "w_bicycle": 0 }, "geometry": { "type": "MultiLineString", "coordinates": [ [ [ 962575.07999999995809, 1949335.2 ], [ 962582.319999999948777, 1949335.09 ] ] ] } },
{ "type": "Feature", "properties": { "uid": "11215#442", "sig_cd": 11215, "f_node": "11215#790", "t_node": "11215#792", "length": 5.7588434769927401, "degree": 0.0, "width": 1.0, "type": 0, "braille": 0, "w_bicycle": 0 }, "geometry": { "type": "MultiLineString", "coordinates": [ [ [ 962370.28000000002794, 1949227.01 ], [ 962375.60999999998603, 1949224.83 ] ] ] } },
{ "type": "Feature", "properties": { "uid": "11215#319", "sig_cd": 11215, "f_node": "11215#54", "t_node": "11215#423", "length": 3.29588053664484, "degree": 0.0, "width": 1.0, "type": 0, "braille": 0, "w_bicycle": 0 }, "geometry": { "type": "MultiLineString", "coordinates": [ [ [ 963317.03000000002794, 1949493.73 ], [ 963315.310000000055879, 1949490.92 ] ] ] } },
{ "type": "Feature", "properties": { "uid": "11215#127", "sig_cd": 11215, "f_node": "11215#3", "t_node": "11215#59", "length": 73.253909529848002, "degree": 0.78210461642523998, "width": 1.0, "type": 0, "braille": 1, "w_bicycle": 0 }, "geometry": { "type": "MultiLineString", "coordinates": [ [ [ 962958.910000000032596, 1948752.17 ], [ 962933.650000000023283, 1948760.120000000111759 ], [ 962888.939999999944121, 1948773.76 ] ] ] } },
{ "type": "Feature", "properties": { "uid": "11215#443", "sig_cd": 11215, "f_node": "11215#912", "t_node": "11215#913", "length": 9.7924062562440195, "degree": 0.0, "width": 1.0, "type": 0, "braille": 0, "w_bicycle": 0 }, "geometry": { "type": "MultiLineString", "coordinates": [ [ [ 962750.229999999981374, 1949275.79 ], [ 962759.959999999962747, 1949274.72 ] ] ] } },
{ "type": "Feature", "properties": { "uid": "11215#312", "sig_cd": 11215, "f_node": "11215#651", "t_node": "11215#857", "length": 12.1663772227189, "degree": 0.0, "width": 1.0, "type": 0, "braille": 0, "w_bicycle": 0 }, "geometry": { "type": "MultiLineString", "coordinates": [ [ [ 962306.520000000018626, 1949298.01 ], [ 962317.819999999948777, 1949293.52 ] ] ] } },
{ "type": "Feature", "properties": { "uid": "11215#128", "sig_cd": 11215, "f_node": "11215#60", "t_node": "11215#545", "length": 11.2845589761159, "degree": 0.0, "width": 1.0, "type": 0, "braille": 0, "w_bicycle": 0 }, "geometry": { "type": "MultiLineString", "coordinates": [ [ [ 963050.099999999976717, 1948895.73 ], [ 963057.64000000001397, 1948904.120000000111759 ] ] ] } },
{ "type": "Feature", "properties": { "uid": "11215#313", "sig_cd": 11215, "f_node": "11215#717", "t_node": "11215#718", "length": 8.5956889739840605, "degree": 4.99, "width": 0.9, "type": 0, "braille": 0, "w_bicycle": 0 }, "geometry": { "type": "MultiLineString", "coordinates": [ [ [ 962730.89000000001397, 1949465.29 ], [ 962739.459999999962747, 1949464.67 ] ] ] } },
{ "type": "Feature", "properties": { "uid": "11215#132", "sig_cd": 11215, "f_node": "11215#584", "t_node": "11215#585", "length": 28.149104488817098, "degree": 4.99, "width": 1.0, "type": 0, "braille": 0, "w_bicycle": 0 }, "geometry": { "type": "MultiLineString", "coordinates": [ [ [ 962805.099999999976717, 1949575.68 ], [ 962820.92000000004191, 1949552.41 ] ] ] } },
{ "type": "Feature", "properties": { "uid": "11215#314", "sig_cd": 11215, "f_node": "11215#65", "t_node": "11215#142", "length": 123.18959426245701, "degree": 0.46509221339309997, "width": 1.0, "type": 0, "braille": 1, "w_bicycle": 0 }, "geometry": { "type": "MultiLineString", "coordinates": [ [ [ 962640.199999999953434, 1948854.44 ], [ 962628.96999999997206, 1948857.53 ], [ 962593.76, 1948868.120000000111759 ], [ 962555.25, 1948880.41 ], [ 962522.520000000018626, 1948890.68 ] ] ] } },
{ "type": "Feature", "properties": { "uid": "11215#133", "sig_cd": 11215, "f_node": "11215#773", "t_node": "11215#775", "length": 24.099080611740799, "degree": 2.37194441854643, "width": 0.9, "type": 0, "braille": 0, "w_bicycle": 0 }, "geometry": { "type": "MultiLineString", "coordinates": [ [ [ 962852.069999999948777, 1949148.56 ], [ 962876.040000000037253, 1949146.16 ] ] ] } },
{ "type": "Feature", "properties": { "uid": "11215#315", "sig_cd": 11215, "f_node": "11215#577", "t_node": "11215#578", "length": 8.6892227054893993, "degree": 0.0, "width": 1.0, "type": 90, "braille": 0, "w_bicycle": 0 }, "geometry": { "type": "MultiLineString", "coordinates": [ [ [ 962619.099999999976717, 1949509.8 ], [ 962627.78000000002794, 1949509.48 ] ] ] } },
{ "type": "Feature", "properties": { "uid": "11215#134", "sig_cd": 11215, "f_node": "11215#484", "t_node": "11215#859", "length": 10.406106967005201, "degree": 0.0, "width": 1.0, "type": 0, "braille": 0, "w_bicycle": 0 }, "geometry": { "type": "MultiLineString", "coordinates": [ [ [ 962503.13, 1949451.95 ], [ 962513.339999999967404, 1949449.96 ] ] ] } },
{ "type": "Feature", "properties": { "uid": "11215#135", "sig_cd": 11215, "f_node": "11215#785", "t_node": "11215#786", "length": 5.2404028347532297, "degree": 5.99, "width": 1.0, "type": 90, "braille": 0, "w_bicycle": 0 }, "geometry": { "type": "MultiLineString", "coordinates": [ [ [ 962666.229999999981374, 1949013.47 ], [ 962661.050000000046566, 1949014.25 ] ] ] } },
{ "type": "Feature", "properties": { "uid": "11215#320", "sig_cd": 11215, "f_node": "11215#158", "t_node": "11215#164", "length": 5.3180960489034996, "degree": 0.0, "width": 1.0, "type": 0, "braille": 0, "w_bicycle": 0 }, "geometry": { "type": "MultiLineString", "coordinates": [ [ [ 962582.910000000032596, 1949736.34 ], [ 962578.24, 1949738.879999999888241 ] ] ] } },
{ "type": "Feature", "properties": { "uid": "11215#321", "sig_cd": 11215, "f_node": "11215#348", "t_node": "11215#641", "length": 12.5718343393442, "degree": 0.0, "width": 1.0, "type": 0, "braille": 0, "w_bicycle": 0 }, "geometry": { "type": "MultiLineString", "coordinates": [ [ [ 962761.78000000002794, 1949185.84 ], [ 962768.979999999981374, 1949175.54 ] ] ] } },
{ "type": "Feature", "properties": { "uid": "11215#322", "sig_cd": 11215, "f_node": "11215#29", "t_node": "11215#174", "length": 10.947520065061999, "degree": 5.99, "width": 1.0, "type": 90, "braille": 0, "w_bicycle": 0 }, "geometry": { "type": "MultiLineString", "coordinates": [ [ [ 962443.089999999967404, 1949479.51 ], [ 962453.85999999998603, 1949477.57 ] ] ] } },
{ "type": "Feature", "properties": { "uid": "11215#130", "sig_cd": 11215, "f_node": "11215#126", "t_node": "11215#127", "length": 32.329944440831298, "degree": 4.99, "width": 1.0, "type": 0, "braille": 0, "w_bicycle": 0 }, "geometry": { "type": "MultiLineString", "coordinates": [ [ [ 962752.39000000001397, 1949212.08 ], [ 962756.540000000037253, 1949244.129999999888241 ] ] ] } },
{ "type": "Feature", "properties": { "uid": "11215#131", "sig_cd": 11215, "f_node": "11215#5", "t_node": "11215#191", "length": 16.646549141267801, "degree": 0.0, "width": 1.0, "type": 0, "braille": 1, "w_bicycle": 1 }, "geometry": { "type": "MultiLineString", "coordinates": [ [ [ 962211.189999999944121, 1949374.56 ], [ 962216.13, 1949390.45 ] ] ] } },
{ "type": "Feature", "properties": { "uid": "11215#200", "sig_cd": 11215, "f_node": "11215#674", "t_node": "11215#701", "length": 7.1121870331674302, "degree": 5.99, "width": 1.0, "type": 90, "braille": 0, "w_bicycle": 0 }, "geometry": { "type": "MultiLineString", "coordinates": [ [ [ 962487.17000000004191, 1949402.93 ], [ 962480.14000000001397, 1949403.99 ] ] ] } },
{ "type": "Feature", "properties": { "uid": "11215#201", "sig_cd": 11215, "f_node": "11215#477", "t_node": "11215#872", "length": 22.874907573872701, "degree": 0.0, "width": 1.0, "type": 0, "braille": 0, "w_bicycle": 0 }, "geometry": { "type": "MultiLineString", "coordinates": [ [ [ 962303.42000000004191, 1949075.26 ], [ 962282.459999999962747, 1949084.4 ] ] ] } },
{ "type": "Feature", "properties": { "uid": "11215#466", "sig_cd": 11215, "f_node": "11215#17", "t_node": "11215#65", "length": 54.929039288892398, "degree": 0.0, "width": 1.0, "type": 0, "braille": 1, "w_bicycle": 0 }, "geometry": { "type": "MultiLineString", "coordinates": [ [ [ 962522.520000000018626, 1948890.68 ], [ 962495.099999999976717, 1948899.33 ], [ 962470.099999999976717, 1948907.02 ] ] ] } },
{ "type": "Feature", "properties": { "uid": "11215#118", "sig_cd": 11215, "f_node": "11215#574", "t_node": "11215#575", "length": 11.930306467845901, "degree": 0.0, "width": 1.0, "type": 0, "braille": 0, "w_bicycle": 0 }, "geometry": { "type": "MultiLineString", "coordinates": [ [ [ 962496.650000000023283, 1949371.05 ], [ 962496.28000000002794, 1949359.129999999888241 ] ] ] } },
{ "type": "Feature", "properties": { "uid": "11215#467", "sig_cd": 11215, "f_node": "11215#323", "t_node": "11215#768", "length": 47.498704514280199, "degree": 2.4110954277394501, "width": 1.0, "type": 0, "braille": 1, "w_bicycle": 0 }, "geometry": { "type": "MultiLineString", "coordinates": [ [ [ 962669.17000000004191, 1949459.84 ], [ 962695.63, 1949456.360000000102445 ], [ 962716.24, 1949453.610000000102445 ] ] ] } },
{ "type": "Feature", "properties": { "uid": "11215#119", "sig_cd": 11215, "f_node": "11215#564", "t_node": "11215#716", "length": 3.1276172061376299, "degree": 5.99, "width": 1.0, "type": 90, "braille": 0, "w_bicycle": 0 }, "geometry": { "type": "MultiLineString", "coordinates": [ [ [ 962736.040000000037253, 1949461.29 ], [ 962739.150000000023283, 1949460.97 ] ] ] } },
{ "type": "Feature", "properties": { "uid": "11215#468", "sig_cd": 11215, "f_node": "11215#28", "t_node": "11215#885", "length": 4.4561978174968404, "degree": 4.99, "width": 1.0, "type": 0, "braille": 0, "w_bicycle": 0 }, "geometry": { "type": "MultiLineString", "coordinates": [ [ [ 962607.900000000023283, 1949385.85 ], [ 962607.699999999953434, 1949381.4 ] ] ] } },
{ "type": "Feature", "properties": { "uid": "11215#469", "sig_cd": 11215, "f_node": "11215#395", "t_node": "11215#397", "length": 49.817964185466799, "degree": 1.1499483558000301, "width": 1.0, "type": 0, "braille": 0, "w_bicycle": 0 }, "geometry": { "type": "MultiLineString", "coordinates": [ [ [ 963086.229999999981374, 1948786.99 ], [ 963136.020000000018626, 1948786.05 ] ] ] } },
{ "type": "Feature", "properties": { "uid": "11215#349", "sig_cd": 11215, "f_node": "11215#670", "t_node": "11215#925", "length": 3.3813819321301501, "degree": 2.9741680790268901, "width": 1.0, "type": 0, "braille": 1, "w_bicycle": 0 }, "geometry": { "type": "MultiLineString", "coordinates": [ [ [ 962243.07999999995809, 1949200.98 ], [ 962244.449999999953434, 1949197.889999999897555 ] ] ] } },
{ "type": "Feature", "properties": { "uid": "11215#473", "sig_cd": 11215, "f_node": "11215#410", "t_node": "11215#412", "length": 38.332743126714099, "degree": 1.4943565889858801, "width": 1.0, "type": 0, "braille": 0, "w_bicycle": 0 }, "geometry": { "type": "MultiLineString", "coordinates": [ [ [ 963168.849999999976717, 1949008.47 ], [ 963165.71999999997206, 1949046.66 ] ] ] } },
{ "type": "Feature", "properties": { "uid": "11215#114", "sig_cd": 11215, "f_node": "11215#821", "t_node": "11215#850", "length": 49.801317523992203, "degree": 0.0, "width": 1.0, "type": 0, "braille": 0, "w_bicycle": 0 }, "geometry": { "type": "MultiLineString", "coordinates": [ [ [ 962327.040000000037253, 1949327.53 ], [ 962373.14000000001397, 1949308.74 ] ] ] } },
{ "type": "Feature", "properties": { "uid": "11215#474", "sig_cd": 11215, "f_node": "11215#771", "t_node": "11215#772", "length": 5.3282491559663301, "degree": 0.0, "width": 1.0, "type": 0, "braille": 0, "w_bicycle": 0 }, "geometry": { "type": "MultiLineString", "coordinates": [ [ [ 962839.310000000055879, 1949170.139999999897555 ], [ 962838.689999999944121, 1949164.85 ] ] ] } },
{ "type": "Feature", "properties": { "uid": "11215#115", "sig_cd": 11215, "f_node": "11215#739", "t_node": "11215#740", "length": 3.31312636449882, "degree": 0.0, "width": 1.0, "type": 0, "braille": 0, "w_bicycle": 0 }, "geometry": { "type": "MultiLineString", "coordinates": [ [ [ 962863.699999999953434, 1949298.56 ], [ 962863.979999999981374, 1949301.860000000102445 ] ] ] } },
{ "type": "Feature", "properties": { "uid": "11215#475", "sig_cd": 11215, "f_node": "11215#671", "t_node": "11215#688", "length": 26.7063714163017, "degree": 1.9289862607927599, "width": 1.0, "type": 0, "braille": 0, "w_bicycle": 0 }, "geometry": { "type": "MultiLineString", "coordinates": [ [ [ 962295.709999999962747, 1949030.47 ], [ 962270.99, 1949040.55 ] ] ] } },
{ "type": "Feature", "properties": { "uid": "11215#116", "sig_cd": 11215, "f_node": "11215#442", "t_node": "11215#476", "length": 71.598240160368121, "degree": 0.80018692051478002, "width": 1.0, "type": 0, "braille": 0, "w_bicycle": 0 }, "geometry": { "type": "MultiLineString", "coordinates": [ [ [ 962264.819999999948777, 1949091.8 ], [ 962292.67000000004191, 1949157.73 ] ] ] } },
{ "type": "Feature", "properties": { "uid": "11215#476", "sig_cd": 11215, "f_node": "11215#0", "t_node": "11215#359", "length": 33.501126190850698, "degree": 0.0, "width": 1.0, "type": 0, "braille": 1, "w_bicycle": 1 }, "geometry": { "type": "MultiLineString", "coordinates": [ [ [ 962423.540000000037253, 1948924.389999999897555 ], [ 962407.430000000051223, 1948929.07 ], [ 962399.07999999995809, 1948932.25 ], [ 962392.150000000023283, 1948935.78 ] ] ] } },
{ "type": "Feature", "properties": { "uid": "11215#345", "sig_cd": 11215, "f_node": "11215#757", "t_node": "11215#758", "length": 2.9016792890841998, "degree": 0.0, "width": 1.0, "type": 0, "braille": 0, "w_bicycle": 0 }, "geometry": { "type": "MultiLineString", "coordinates": [ [ [ 963028.76, 1949159.82 ], [ 963029.74, 1949162.55 ] ] ] } },
{ "type": "Feature", "properties": { "uid": "11215#117", "sig_cd": 11215, "f_node": "11215#817", "t_node": "11215#822", "length": 8.1737636989305802, "degree": 0.0, "width": 1.0, "type": 0, "braille": 0, "w_bicycle": 0 }, "geometry": { "type": "MultiLineString", "coordinates": [ [ [ 962410.180000000051223, 1949293.639999999897555 ], [ 962413.810000000055879, 1949300.96 ] ] ] } },
{ "type": "Feature", "properties": { "uid": "11215#346", "sig_cd": 11215, "f_node": "11215#661", "t_node": "11215#789", "length": 9.7258604469207093, "degree": 4.99, "width": 1.0, "type": 0, "braille": 0, "w_bicycle": 0 }, "geometry": { "type": "MultiLineString", "coordinates": [ [ [ 962495.050000000046566, 1949217.97 ], [ 962494.199999999953434, 1949218.23 ], [ 962485.910000000032596, 1949221.28 ] ] ] } },
{ "type": "Feature", "properties": { "uid": "11215#121", "sig_cd": 11215, "f_node": "11215#17", "t_node": "11215#367", "length": 5.1950697967200803, "degree": 0.0, "width": 1.0, "type": 0, "braille": 0, "w_bicycle": 0 }, "geometry": { "type": "MultiLineString", "coordinates": [ [ [ 962470.099999999976717, 1948907.02 ], [ 962466.01, 1948910.22 ] ] ] } },
{ "type": "Feature", "properties": { "uid": "11215#470", "sig_cd": 11215, "f_node": "11215#98", "t_node": "11215#99", "length": 8.6362485333452401, "degree": 0.0, "width": 1.0, "type": 0, "braille": 1, "w_bicycle": 0 }, "geometry": { "type": "MultiLineString", "coordinates": [ [ [ 962619.310000000055879, 1949465.96 ], [ 962627.900000000023283, 1949465.1 ] ] ] } },
{ "type": "Feature", "properties": { "uid": "11215#347", "sig_cd": 11215, "f_node": "11215#699", "t_node": "11215#704", "length": 9.8968639778633598, "degree": 4.99, "width": 1.0, "type": 0, "braille": 1, "w_bicycle": 0 }, "geometry": { "type": "MultiLineString", "coordinates": [ [ [ 962324.71999999997206, 1949359.360000000102445 ], [ 962315.39000000001397, 1949362.65 ] ] ] } },
{ "type": "Feature", "properties": { "uid": "11215#122", "sig_cd": 11215, "f_node": "11215#18", "t_node": "11215#366", "length": 52.891740881937103, "degree": 0.0, "width": 1.0, "type": 0, "braille": 0, "w_bicycle": 0 }, "geometry": { "type": "MultiLineString", "coordinates": [ [ [ 962396.410000000032596, 1948995.03 ], [ 962447.550000000046566, 1948981.610000000102445 ] ] ] } },
{ "type": "Feature", "properties": { "uid": "11215#471", "sig_cd": 11215, "f_node": "11215#678", "t_node": "11215#703", "length": 10.0929297131993, "degree": 4.99, "width": 1.0, "type": 0, "braille": 1, "w_bicycle": 0 }, "geometry": { "type": "MultiLineString", "coordinates": [ [ [ 962398.49, 1949065.69 ], [ 962407.270000000018626, 1949060.72 ] ] ] } },
{ "type": "Feature", "properties": { "uid": "11215#348", "sig_cd": 11215, "f_node": "11215#179", "t_node": "11215#582", "length": 39.836053202151398, "degree": 2.87416585178241, "width": 1.0, "type": 0, "braille": 0, "w_bicycle": 0 }, "geometry": { "type": "MultiLineString", "coordinates": [ [ [ 962741.67000000004191, 1949533.97 ], [ 962746.21999999997206, 1949573.53 ] ] ] } },
{ "type": "Feature", "properties": { "uid": "11215#228", "sig_cd": 11215, "f_node": "11215#725", "t_node": "11215#726", "length": 7.9529513870408497, "degree": 4.99, "width": 1.0, "type": 0, "braille": 0, "w_bicycle": 0 }, "geometry": { "type": "MultiLineString", "coordinates": [ [ [ 962856.49, 1949546.46 ], [ 962864.42000000004191, 1949546.99 ] ] ] } },
{ "type": "Feature", "properties": { "uid": "11215#123", "sig_cd": 11215, "f_node": "11215#664", "t_node": "11215#884", "length": 4.25210952547239, "degree": 5.99, "width": 1.0, "type": 90, "braille": 0, "w_bicycle": 0 }, "geometry": { "type": "MultiLineString", "coordinates": [ [ [ 962503.49, 1949193.56 ], [ 962502.199999999953434, 1949197.610000000102445 ] ] ] } },
{ "type": "Feature", "properties": { "uid": "11215#472", "sig_cd": 11215, "f_node": "11215#479", "t_node": "11215#671", "length": 32.8605285556526, "degree": 0.0, "width": 1.0, "type": 0, "braille": 0, "w_bicycle": 0 }, "geometry": { "type": "MultiLineString", "coordinates": [ [ [ 962270.99, 1949040.55 ], [ 962282.050000000046566, 1949071.48 ] ] ] } },
{ "type": "Feature", "properties": { "uid": "11215#352", "sig_cd": 11215, "f_node": "11215#46", "t_node": "11215#731", "length": 33.252042390913701, "degree": 1.72255632685159, "width": 1.0, "type": 0, "braille": 0, "w_bicycle": 0 }, "geometry": { "type": "MultiLineString", "coordinates": [ [ [ 962771.160000000032596, 1949275.84 ], [ 962770.75, 1949271.34 ], [ 962768.12, 1949242.74 ] ] ] } },
{ "type": "Feature", "properties": { "uid": "11215#229", "sig_cd": 11215, "f_node": "11215#47", "t_node": "11215#728", "length": 22.231394387302, "degree": 2.5755102273339401, "width": 1.0, "type": 0, "braille": 0, "w_bicycle": 0 }, "geometry": { "type": "MultiLineString", "coordinates": [ [ [ 962767.14000000001397, 1949233.23 ], [ 962765.209999999962747, 1949214.59 ], [ 962764.729999999981374, 1949211.139999999897555 ] ] ] } },
{ "type": "Feature", "properties": { "uid": "11215#124", "sig_cd": 11215, "f_node": "11215#817", "t_node": "11215#818", "length": 8.5449377277926306, "degree": 0.0, "width": 1.0, "type": 0, "braille": 0, "w_bicycle": 0 }, "geometry": { "type": "MultiLineString", "coordinates": [ [ [ 962413.810000000055879, 1949300.96 ], [ 962411.560000000055879, 1949309.2 ] ] ] } },
{ "type": "Feature", "properties": { "uid": "11215#353", "sig_cd": 11215, "f_node": "11215#408", "t_node": "11215#409", "length": 4.2652129867738999, "degree": 0.0, "width": 1.0, "type": 0, "braille": 0, "w_bicycle": 0 }, "geometry": { "type": "MultiLineString", "coordinates": [ [ [ 963167.25, 1949003.47 ], [ 963167.589999999967404, 1948999.22 ] ] ] } },
{ "type": "Feature", "properties": { "uid": "11215#354", "sig_cd": 11215, "f_node": "11215#694", "t_node": "11215#926", "length": 2.3621310831687299, "degree": 0.0, "width": 1.0, "type": 0, "braille": 0, "w_bicycle": 0 }, "geometry": { "type": "MultiLineString", "coordinates": [ [ [ 962237.849999999976717, 1949202.47 ], [ 962237.199999999953434, 1949200.2 ] ] ] } },
{ "type": "Feature", "properties": { "uid": "11215#355", "sig_cd": 11215, "f_node": "11215#732", "t_node": "11215#733", "length": 2.92654370283174, "degree": 5.99, "width": 1.0, "type": 90, "braille": 0, "w_bicycle": 0 }, "geometry": { "type": "MultiLineString", "coordinates": [ [ [ 962780.0, 1949274.95 ], [ 962782.910000000032596, 1949274.65 ] ] ] } },
{ "type": "Feature", "properties": { "uid": "11215#224", "sig_cd": 11215, "f_node": "11215#360", "t_node": "11215#361", "length": 22.1477665544164, "degree": 4.99, "width": 1.0, "type": 0, "braille": 0, "w_bicycle": 0 }, "geometry": { "type": "MultiLineString", "coordinates": [ [ [ 962748.319999999948777, 1949184.41 ], [ 962729.5, 1949172.75 ] ] ] } },
{ "type": "Feature", "properties": { "uid": "11215#225", "sig_cd": 11215, "f_node": "11215#603", "t_node": "11215#604", "length": 18.589636072925501, "degree": 0.0, "width": 1.0, "type": 0, "braille": 0, "w_bicycle": 0 }, "geometry": { "type": "MultiLineString", "coordinates": [ [ [ 962548.050000000046566, 1949740.51 ], [ 962553.040000000037253, 1949722.610000000102445 ] ] ] } },
{ "type": "Feature", "properties": { "uid": "11215#120", "sig_cd": 11215, "f_node": "11215#626", "t_node": "11215#656", "length": 1.95425737933604, "degree": 0.0, "width": 1.0, "type": 0, "braille": 0, "w_bicycle": 0 }, "geometry": { "type": "MultiLineString", "coordinates": [ [ [ 962434.35999999998603, 1949472.28 ], [ 962432.449999999953434, 1949472.69 ] ] ] } },
{ "type": "Feature", "properties": { "uid": "11215#226", "sig_cd": 11215, "f_node": "11215#478", "t_node": "11215#479", "length": 4.4380247089570304, "degree": 0.0, "width": 1.0, "type": 0, "braille": 0, "w_bicycle": 0 }, "geometry": { "type": "MultiLineString", "coordinates": [ [ [ 962282.050000000046566, 1949071.48 ], [ 962277.939999999944121, 1949073.15 ] ] ] } },
{ "type": "Feature", "properties": { "uid": "11215#350", "sig_cd": 11215, "f_node": "11215#164", "t_node": "11215#595", "length": 9.3663303252570707, "degree": 0.0, "width": 1.0, "type": 0, "braille": 0, "w_bicycle": 0 }, "geometry": { "type": "MultiLineString", "coordinates": [ [ [ 962582.910000000032596, 1949736.34 ], [ 962581.020000000018626, 1949727.17 ] ] ] } },
{ "type": "Feature", "properties": { "uid": "11215#227", "sig_cd": 11215, "f_node": "11215#25", "t_node": "11215#678", "length": 20.5094416560583, "degree": 0.0, "width": 1.0, "type": 0, "braille": 1, "w_bicycle": 0 }, "geometry": { "type": "MultiLineString", "coordinates": [ [ [ 962395.42000000004191, 1949043.99 ], [ 962407.270000000018626, 1949060.72 ] ] ] } },
{ "type": "Feature", "properties": { "uid": "11215#351", "sig_cd": 11215, "f_node": "11215#927", "t_node": "11215#928", "length": 5.3798263570576603, "degree": 5.99, "width": 1.0, "type": 90, "braille": 1, "w_bicycle": 0 }, "geometry": { "type": "MultiLineString", "coordinates": [ [ [ 962213.020000000018626, 1949239.77 ], [ 962211.040000000037253, 1949234.77 ] ] ] } },
{ "type": "Feature", "properties": { "uid": "11215#231", "sig_cd": 11215, "f_node": "11215#443", "t_node": "11215#477", "length": 73.296377418937197, "degree": 0.78137941135067002, "width": 1.0, "type": 0, "braille": 0, "w_bicycle": 0 }, "geometry": { "type": "MultiLineString", "coordinates": [ [ [ 962282.459999999962747, 1949084.4 ], [ 962308.459999999962747, 1949152.9 ] ] ] } },
{ "type": "Feature", "properties": { "uid": "11215#232", "sig_cd": 11215, "f_node": "11215#125", "t_node": "11215#506", "length": 14.0144526269811, "degree": 0.0, "width": 1.0, "type": 0, "braille": 0, "w_bicycle": 0 }, "geometry": { "type": "MultiLineString", "coordinates": [ [ [ 962752.21999999997206, 1949300.15 ], [ 962761.650000000023283, 1949289.79 ] ] ] } },
{ "type": "Feature", "properties": { "uid": "11215#233", "sig_cd": 11215, "f_node": "11215#481", "t_node": "11215#664", "length": 50.094853615789297, "degree": 0.0, "width": 1.0, "type": 0, "braille": 0, "w_bicycle": 0 }, "geometry": { "type": "MultiLineString", "coordinates": [ [ [ 962484.39000000001397, 1949147.27 ], [ 962503.49, 1949193.56 ] ] ] } },
{ "type": "Feature", "properties": { "uid": "11215#234", "sig_cd": 11215, "f_node": "11215#392", "t_node": "11215#394", "length": 17.2639661704664, "degree": 4.99, "width": 1.0, "type": 0, "braille": 1, "w_bicycle": 0 }, "geometry": { "type": "MultiLineString", "coordinates": [ [ [ 963161.46999999997206, 1948689.76 ], [ 963175.910000000032596, 1948699.21 ] ] ] } },
{ "type": "Feature", "properties": { "uid": "11215#230", "sig_cd": 11215, "f_node": "11215#52", "t_node": "11215#333", "length": 17.554368002358, "degree": 0.0, "width": 1.0, "type": 0, "braille": 1, "w_bicycle": 1 }, "geometry": { "type": "MultiLineString", "coordinates": [ [ [ 962378.300000000046566, 1949814.94 ], [ 962384.300000000046566, 1949831.43 ] ] ] } },
{ "type": "Feature", "properties": { "uid": "11215#459", "sig_cd": 11215, "f_node": "11215#918", "t_node": "11215#919", "length": 2.29454373956289, "degree": 0.0, "width": 1.0, "type": 0, "braille": 1, "w_bicycle": 0 }, "geometry": { "type": "MultiLineString", "coordinates": [ [ [ 962734.150000000023283, 1949322.41 ], [ 962736.430000000051223, 1949322.16 ] ] ] } },
{ "type": "Feature", "properties": { "uid": "11215#455", "sig_cd": 11215, "f_node": "11215#661", "t_node": "11215#662", "length": 9.8545172093719593, "degree": 4.99, "width": 1.0, "type": 0, "braille": 0, "w_bicycle": 0 }, "geometry": { "type": "MultiLineString", "coordinates": [ [ [ 962495.050000000046566, 1949217.97 ], [ 962491.689999999944121, 1949208.71 ] ] ] } },
{ "type": "Feature", "properties": { "uid": "11215#456", "sig_cd": 11215, "f_node": "11215#723", "t_node": "11215#724", "length": 3.1983199417683799, "degree": 5.99, "width": 1.0, "type": 90, "braille": 0, "w_bicycle": 0 }, "geometry": { "type": "MultiLineString", "coordinates": [ [ [ 962856.400000000023283, 1949572.83 ], [ 962856.339999999967404, 1949576.03 ] ] ] } },
{ "type": "Feature", "properties": { "uid": "11215#457", "sig_cd": 11215, "f_node": "11215#714", "t_node": "11215#715", "length": 1.9667133449702201, "degree": 0.0, "width": 1.0, "type": 0, "braille": 0, "w_bicycle": 0 }, "geometry": { "type": "MultiLineString", "coordinates": [ [ [ 962730.12, 1949429.71 ], [ 962732.069999999948777, 1949429.46 ] ] ] } },
{ "type": "Feature", "properties": { "uid": "11215#458", "sig_cd": 11215, "f_node": "11215#47", "t_node": "11215#778", "length": 20.666628562256399, "degree": 0.0, "width": 1.0, "type": 0, "braille": 0, "w_bicycle": 0 }, "geometry": { "type": "MultiLineString", "coordinates": [ [ [ 962764.729999999981374, 1949211.139999999897555 ], [ 962762.339999999967404, 1949190.620000000111759 ] ] ] } },
{ "type": "Feature", "properties": { "uid": "11215#338", "sig_cd": 11215, "f_node": "11215#84", "t_node": "11215#411", "length": 25.565405160394999, "degree": 2.2400030387215701, "width": 1.0, "type": 0, "braille": 0, "w_bicycle": 0 }, "geometry": { "type": "MultiLineString", "coordinates": [ [ [ 963178.910000000032596, 1949083.49 ], [ 963171.28000000002794, 1949059.1 ] ] ] } },
{ "type": "Feature", "properties": { "uid": "11215#462", "sig_cd": 11215, "f_node": "11215#356", "t_node": "11215#865", "length": 52.611979289347303, "degree": 0.89753858234005002, "width": 1.0, "type": 0, "braille": 1, "w_bicycle": 0 }, "geometry": { "type": "MultiLineString", "coordinates": [ [ [ 962607.160000000032596, 1949523.45 ], [ 962607.599999999976717, 1949470.860000000102445 ] ] ] } },
{ "type": "Feature", "properties": { "uid": "11215#339", "sig_cd": 11215, "f_node": "11215#106", "t_node": "11215#788", "length": 6.3930098633153198, "degree": 5.99, "width": 1.0, "type": 90, "braille": 0, "w_bicycle": 0 }, "geometry": { "type": "MultiLineString", "coordinates": [ [ [ 962518.0, 1949228.85 ], [ 962512.03000000002794, 1949231.129999999888241 ] ] ] } },
{ "type": "Feature", "properties": { "uid": "11215#147", "sig_cd": 11215, "f_node": "11215#132", "t_node": "11215#135", "length": 11.2444002249149, "degree": 4.99, "width": 1.0, "type": 0, "braille": 0, "w_bicycle": 0 }, "geometry": { "type": "MultiLineString", "coordinates": [ [ [ 962873.680000000051223, 1949291.73 ], [ 962884.87, 1949290.67 ] ] ] } },
{ "type": "Feature", "properties": { "uid": "11215#463", "sig_cd": 11215, "f_node": "11215#421", "t_node": "11215#422", "length": 10.1739054324057, "degree": 4.99, "width": 1.0, "type": 0, "braille": 0, "w_bicycle": 0 }, "geometry": { "type": "MultiLineString", "coordinates": [ [ [ 963281.63, 1949385.93 ], [ 963273.800000000046566, 1949379.44 ] ] ] } },
{ "type": "Feature", "properties": { "uid": "11215#148", "sig_cd": 11215, "f_node": "11215#318", "t_node": "11215#711", "length": 4.5262108776490004, "degree": 0.0, "width": 1.0, "type": 0, "braille": 0, "w_bicycle": 0 }, "geometry": { "type": "MultiLineString", "coordinates": [ [ [ 962729.01, 1949317.42 ], [ 962733.51, 1949316.95 ] ] ] } },
{ "type": "Feature", "properties": { "uid": "11215#464", "sig_cd": 11215, "f_node": "11215#38", "t_node": "11215#630", "length": 15.4888241321732, "degree": 0.0, "width": 1.0, "type": 0, "braille": 0, "w_bicycle": 0 }, "geometry": { "type": "MultiLineString", "coordinates": [ [ [ 962719.67000000004191, 1949481.9 ], [ 962735.069999999948777, 1949480.3 ] ] ] } },
{ "type": "Feature", "properties": { "uid": "11215#149", "sig_cd": 11215, "f_node": "11215#760", "t_node": "11215#761", "length": 11.0227188956289, "degree": 0.0, "width": 1.0, "type": 0, "braille": 0, "w_bicycle": 0 }, "geometry": { "type": "MultiLineString", "coordinates": [ [ [ 962765.910000000032596, 1948995.08 ], [ 962776.82999999995809, 1948996.55 ] ] ] } },
{ "type": "Feature", "properties": { "uid": "11215#465", "sig_cd": 11215, "f_node": "11215#327", "t_node": "11215#771", "length": 6.5246150440183497, "degree": 0.0, "width": 1.0, "type": 0, "braille": 0, "w_bicycle": 0 }, "geometry": { "type": "MultiLineString", "coordinates": [ [ [ 962845.17000000004191, 1949164.110000000102445 ], [ 962838.689999999944121, 1949164.85 ] ] ] } },
{ "type": "Feature", "properties": { "uid": "11215#334", "sig_cd": 11215, "f_node": "11215#16", "t_node": "11215#375", "length": 4.8065460059754201, "degree": 0.0, "width": 1.0, "type": 0, "braille": 0, "w_bicycle": 0 }, "geometry": { "type": "MultiLineString", "coordinates": [ [ [ 962644.729999999981374, 1948853.68 ], [ 962648.96999999997206, 1948851.42 ] ] ] } },
{ "type": "Feature", "properties": { "uid": "11215#335", "sig_cd": 11215, "f_node": "11215#479", "t_node": "11215#811", "length": 20.009198007619698, "degree": 0.0, "width": 1.0, "type": 0, "braille": 0, "w_bicycle": 0 }, "geometry": { "type": "MultiLineString", "coordinates": [ [ [ 962300.57999999995809, 1949063.95 ], [ 962282.050000000046566, 1949071.48 ] ] ] } },
{ "type": "Feature", "properties": { "uid": "11215#154", "sig_cd": 11215, "f_node": "11215#344", "t_node": "11215#653", "length": 35.418962015798002, "degree": 3.2855361052295402, "width": 1.0, "type": 0, "braille": 1, "w_bicycle": 0 }, "geometry": { "type": "MultiLineString", "coordinates": [ [ [ 962281.60999999998603, 1949348.360000000102445 ], [ 962314.64000000001397, 1949335.610000000102445 ] ] ] } },
{ "type": "Feature", "properties": { "uid": "11215#336", "sig_cd": 11215, "f_node": "11215#114", "t_node": "11215#669", "length": 12.1047866881923, "degree": 4.7225919229694, "width": 1.0, "type": 0, "braille": 0, "w_bicycle": 0 }, "geometry": { "type": "MultiLineString", "coordinates": [ [ [ 962268.96999999997206, 1949168.32 ], [ 962270.74, 1949180.29 ] ] ] } },
{ "type": "Feature", "properties": { "uid": "11215#217", "sig_cd": 11215, "f_node": "11215#58", "t_node": "11215#417", "length": 4.5898854040197401, "degree": 0.0, "width": 1.0, "type": 0, "braille": 0, "w_bicycle": 0 }, "geometry": { "type": "MultiLineString", "coordinates": [ [ [ 963211.689999999944121, 1949183.23 ], [ 963209.39000000001397, 1949179.26 ] ] ] } },
{ "type": "Feature", "properties": { "uid": "11215#155", "sig_cd": 11215, "f_node": "11215#82", "t_node": "11215#415", "length": 6.7067336687088801, "degree": 0.0, "width": 1.0, "type": 0, "braille": 0, "w_bicycle": 0 }, "geometry": { "type": "MultiLineString", "coordinates": [ [ [ 963197.319999999948777, 1949139.78 ], [ 963194.39000000001397, 1949133.75 ] ] ] } },
{ "type": "Feature", "properties": { "uid": "11215#460", "sig_cd": 11215, "f_node": "11215#87", "t_node": "11215#435", "length": 110.149360970844, "degree": 1.6166269653446099, "width": 1.0, "type": 0, "braille": 1, "w_bicycle": 1 }, "geometry": { "type": "MultiLineString", "coordinates": [ [ [ 962332.199999999953434, 1949695.51 ], [ 962339.89000000001397, 1949719.139999999897555 ], [ 962351.979999999981374, 1949746.03 ], [ 962356.449999999953434, 1949756.110000000102445 ], [ 962372.810000000055879, 1949797.76 ] ] ] } },
{ "type": "Feature", "properties": { "uid": "11215#337", "sig_cd": 11215, "f_node": "11215#428", "t_node": "11215#429", "length": 6.6012949191333004, "degree": 0.0, "width": 1.0, "type": 0, "braille": 0, "w_bicycle": 0 }, "geometry": { "type": "MultiLineString", "coordinates": [ [ [ 963119.900000000023283, 1949616.57 ], [ 963126.49, 1949616.23 ] ] ] } },
{ "type": "Feature", "properties": { "uid": "11215#218", "sig_cd": 11215, "f_node": "11215#582", "t_node": "11215#583", "length": 20.664001077146199, "degree": 4.99, "width": 1.0, "type": 0, "braille": 0, "w_bicycle": 0 }, "geometry": { "type": "MultiLineString", "coordinates": [ [ [ 962746.21999999997206, 1949573.53 ], [ 962764.35999999998603, 1949583.41 ] ] ] } },
{ "type": "Feature", "properties": { "uid": "11215#156", "sig_cd": 11215, "f_node": "11215#56", "t_node": "11215#414", "length": 23.1072030627403, "degree": 0.0, "width": 1.0, "type": 0, "braille": 0, "w_bicycle": 0 }, "geometry": { "type": "MultiLineString", "coordinates": [ [ [ 963168.26, 1948981.29 ], [ 963170.959999999962747, 1948958.35 ] ] ] } },
{ "type": "Feature", "properties": { "uid": "11215#461", "sig_cd": 11215, "f_node": "11215#692", "t_node": "11215#789", "length": 3.1735479039557899, "degree": 5.99, "width": 1.0, "type": 90, "braille": 0, "w_bicycle": 0 }, "geometry": { "type": "MultiLineString", "coordinates": [ [ [ 962485.910000000032596, 1949221.28 ], [ 962482.92000000004191, 1949222.34 ] ] ] } },
{ "type": "Feature", "properties": { "uid": "11215#341", "sig_cd": 11215, "f_node": "11215#728", "t_node": "11215#729", "length": 8.6037247552282903, "degree": 0.0, "width": 1.0, "type": 0, "braille": 0, "w_bicycle": 0 }, "geometry": { "type": "MultiLineString", "coordinates": [ [ [ 962767.14000000001397, 1949233.23 ], [ 962775.689999999944121, 1949232.3 ] ] ] } },
{ "type": "Feature", "properties": { "uid": "11215#219", "sig_cd": 11215, "f_node": "11215#350", "t_node": "11215#770", "length": 24.5682871353293, "degree": 2.33081653228317, "width": 1.0, "type": 0, "braille": 0, "w_bicycle": 0 }, "geometry": { "type": "MultiLineString", "coordinates": [ [ [ 962813.790000000037253, 1949163.360000000102445 ], [ 962838.160000000032596, 1949160.32 ] ] ] } },
{ "type": "Feature", "properties": { "uid": "11215#157", "sig_cd": 11215, "f_node": "11215#518", "t_node": "11215#894", "length": 13.8657478617506, "degree": 7.0670175997274702, "width": 1.0, "type": 0, "braille": 0, "w_bicycle": 0 }, "geometry": { "type": "MultiLineString", "coordinates": [ [ [ 962914.03000000002794, 1949123.97 ], [ 962927.89000000001397, 1949123.860000000102445 ] ] ] } },
{ "type": "Feature", "properties": { "uid": "11215#342", "sig_cd": 11215, "f_node": "11215#51", "t_node": "11215#352", "length": 4.0446769087569496, "degree": 5.99, "width": 1.0, "type": 90, "braille": 0, "w_bicycle": 0 }, "geometry": { "type": "MultiLineString", "coordinates": [ [ [ 962272.0, 1949206.9 ], [ 962275.699999999953434, 1949208.53 ] ] ] } },
{ "type": "Feature", "properties": { "uid": "11215#150", "sig_cd": 11215, "f_node": "11215#559", "t_node": "11215#721", "length": 67.468852168242805, "degree": 1.76290280343453, "width": 1.0, "type": 0, "braille": 0, "w_bicycle": 0 }, "geometry": { "type": "MultiLineString", "coordinates": [ [ [ 962767.25, 1949456.71 ], [ 962756.959999999962747, 1949390.06 ] ] ] } },
{ "type": "Feature", "properties": { "uid": "11215#343", "sig_cd": 11215, "f_node": "11215#78", "t_node": "11215#79", "length": 28.816799702306099, "degree": 0.0, "width": 1.0, "type": 0, "braille": 0, "w_bicycle": 0 }, "geometry": { "type": "MultiLineString", "coordinates": [ [ [ 963301.430000000051223, 1949446.74 ], [ 963292.150000000023283, 1949419.47 ] ] ] } },
{ "type": "Feature", "properties": { "uid": "11215#213", "sig_cd": 11215, "f_node": "11215#41", "t_node": "11215#179", "length": 34.164942876942, "degree": 1.6765555847582601, "width": 1.0, "type": 0, "braille": 0, "w_bicycle": 0 }, "geometry": { "type": "MultiLineString", "coordinates": [ [ [ 962741.67000000004191, 1949533.97 ], [ 962775.569999999948777, 1949529.83 ] ] ] } },
{ "type": "Feature", "properties": { "uid": "11215#151", "sig_cd": 11215, "f_node": "11215#744", "t_node": "11215#745", "length": 4.8560226118210901, "degree": 0.0, "width": 1.0, "type": 0, "braille": 0, "w_bicycle": 0 }, "geometry": { "type": "MultiLineString", "coordinates": [ [ [ 962917.300000000046566, 1949290.72 ], [ 962918.199999999953434, 1949295.49 ] ] ] } },
{ "type": "Feature", "properties": { "uid": "11215#344", "sig_cd": 11215, "f_node": "11215#440", "t_node": "11215#925", "length": 35.112951124696501, "degree": 2.9741680790268901, "width": 1.0, "type": 0, "braille": 1, "w_bicycle": 0 }, "geometry": { "type": "MultiLineString", "coordinates": [ [ [ 962228.85999999998603, 1949233.07 ], [ 962243.07999999995809, 1949200.98 ] ] ] } },
{ "type": "Feature", "properties": { "uid": "11215#214", "sig_cd": 11215, "f_node": "11215#561", "t_node": "11215#714", "length": 31.4232812093151, "degree": 0.0, "width": 1.0, "type": 0, "braille": 0, "w_bicycle": 0 }, "geometry": { "type": "MultiLineString", "coordinates": [ [ [ 962726.569999999948777, 1949398.5 ], [ 962730.12, 1949429.71 ] ] ] } },
{ "type": "Feature", "properties": { "uid": "11215#152", "sig_cd": 11215, "f_node": "11215#118", "t_node": "11215#927", "length": 10.731955503757, "degree": 2.0499991976561698, "width": 1.0, "type": 0, "braille": 1, "w_bicycle": 0 }, "geometry": { "type": "MultiLineString", "coordinates": [ [ [ 962203.14000000001397, 1949243.95 ], [ 962213.020000000018626, 1949239.77 ] ] ] } },
{ "type": "Feature", "properties": { "uid": "11215#215", "sig_cd": 11215, "f_node": "11215#500", "t_node": "11215#868", "length": 20.2281779314958, "degree": 4.4661659732216101, "width": 1.0, "type": 0, "braille": 0, "w_bicycle": 0 }, "geometry": { "type": "MultiLineString", "coordinates": [ [ [ 962595.290000000037253, 1949347.82 ], [ 962606.949999999953434, 1949364.34 ] ] ] } },
{ "type": "Feature", "properties": { "uid": "11215#153", "sig_cd": 11215, "f_node": "11215#44", "t_node": "11215#184", "length": 4.9849297815940101, "degree": 0.0, "width": 1.0, "type": 0, "braille": 0, "w_bicycle": 0 }, "geometry": { "type": "MultiLineString", "coordinates": [ [ [ 962721.410000000032596, 1949392.66 ], [ 962726.38, 1949392.3 ] ] ] } },
{ "type": "Feature", "properties": { "uid": "11215#216", "sig_cd": 11215, "f_node": "11215#573", "t_node": "11215#869", "length": 16.846875218298901, "degree": 0.0, "width": 1.0, "type": 0, "braille": 0, "w_bicycle": 0 }, "geometry": { "type": "MultiLineString", "coordinates": [ [ [ 962548.020000000018626, 1949341.129999999888241 ], [ 962564.21999999997206, 1949336.53 ] ] ] } },
{ "type": "Feature", "properties": { "uid": "11215#220", "sig_cd": 11215, "f_node": "11215#194", "t_node": "11215#576", "length": 9.7405549514212399, "degree": 4.99, "width": 1.0, "type": 0, "braille": 0, "w_bicycle": 0 }, "geometry": { "type": "MultiLineString", "coordinates": [ [ [ 962562.310000000055879, 1949402.91 ], [ 962553.540000000037253, 1949398.68 ] ] ] } },
{ "type": "Feature", "properties": { "uid": "11215#340", "sig_cd": 11215, "f_node": "11215#731", "t_node": "11215#732", "length": 8.8880925358668907, "degree": 0.0, "width": 1.0, "type": 0, "braille": 0, "w_bicycle": 0 }, "geometry": { "type": "MultiLineString", "coordinates": [ [ [ 962771.160000000032596, 1949275.84 ], [ 962780.0, 1949274.95 ] ] ] } },
{ "type": "Feature", "properties": { "uid": "11215#221", "sig_cd": 11215, "f_node": "11215#184", "t_node": "11215#922", "length": 58.8404285571957, "degree": 0.77631217765267002, "width": 1.0, "type": 0, "braille": 0, "w_bicycle": 0 }, "geometry": { "type": "MultiLineString", "coordinates": [ [ [ 962726.38, 1949392.3 ], [ 962719.550000000046566, 1949333.879999999888241 ] ] ] } },
{ "type": "Feature", "properties": { "uid": "11215#222", "sig_cd": 11215, "f_node": "11215#159", "t_node": "11215#162", "length": 58.716638514548499, "degree": 0.97570709629567998, "width": 1.0, "type": 0, "braille": 0, "w_bicycle": 0 }, "geometry": { "type": "MultiLineString", "coordinates": [ [ [ 962444.99, 1949813.44 ], [ 962495.57999999995809, 1949783.68 ] ] ] } },
{ "type": "Feature", "properties": { "uid": "11215#223", "sig_cd": 11215, "f_node": "11215#679", "t_node": "11215#680", "length": 17.4925978028175, "degree": 0.0, "width": 1.0, "type": 0, "braille": 0, "w_bicycle": 0 }, "geometry": { "type": "MultiLineString", "coordinates": [ [ [ 962393.050000000046566, 1948953.24 ], [ 962394.17000000004191, 1948970.69 ] ] ] } },
{ "type": "Feature", "properties": { "uid": "11215#488", "sig_cd": 11215, "f_node": "11215#18", "t_node": "11215#680", "length": 24.452210782167398, "degree": 2.56863282745431, "width": 1.0, "type": 0, "braille": 0, "w_bicycle": 0 }, "geometry": { "type": "MultiLineString", "coordinates": [ [ [ 962394.17000000004191, 1948970.69 ], [ 962396.410000000032596, 1948995.03 ] ] ] } },
{ "type": "Feature", "properties": { "uid": "11215#489", "sig_cd": 11215, "f_node": "11215#813", "t_node": "11215#876", "length": 55.837845649519799, "degree": 4.99, "width": 1.0, "type": 0, "braille": 0, "w_bicycle": 0 }, "geometry": { "type": "MultiLineString", "coordinates": [ [ [ 962523.03000000002794, 1949241.16 ], [ 962530.21999999997206, 1949258.79 ], [ 962544.550000000046566, 1949292.66 ] ] ] } },
{ "type": "Feature", "properties": { "uid": "11215#495", "sig_cd": 11215, "f_node": "11215#55", "t_node": "11215#429", "length": 104.773958755737, "degree": 0.54683473362297996, "width": 1.0, "type": 0, "braille": 1, "w_bicycle": 0 }, "geometry": { "type": "MultiLineString", "coordinates": [ [ [ 963126.49, 1949616.23 ], [ 963176.62, 1949612.26 ], [ 963213.550000000046566, 1949609.95 ], [ 963230.939999999944121, 1949608.57 ] ] ] } },
{ "type": "Feature", "properties": { "uid": "11215#496", "sig_cd": 11215, "f_node": "11215#3", "t_node": "11215#144", "length": 45.699931268186297, "degree": 2.5058787193971401, "width": 1.0, "type": 0, "braille": 1, "w_bicycle": 0 }, "geometry": { "type": "MultiLineString", "coordinates": [ [ [ 962958.910000000032596, 1948752.17 ], [ 962981.96999999997206, 1948744.879999999888241 ], [ 963002.76, 1948739.41 ] ] ] } },
{ "type": "Feature", "properties": { "uid": "11215#136", "sig_cd": 11215, "f_node": "11215#141", "t_node": "11215#626", "length": 8.9356639113079499, "degree": 0.0, "width": 1.0, "type": 0, "braille": 0, "w_bicycle": 0 }, "geometry": { "type": "MultiLineString", "coordinates": [ [ [ 962434.35999999998603, 1949472.28 ], [ 962436.25, 1949481.01 ] ] ] } },
{ "type": "Feature", "properties": { "uid": "11215#497", "sig_cd": 11215, "f_node": "11215#131", "t_node": "11215#328", "length": 5.8800234411070003, "degree": 0.0, "width": 0.9, "type": 90, "braille": 0, "w_bicycle": 0 }, "geometry": { "type": "MultiLineString", "coordinates": [ [ [ 962900.21999999997206, 1949157.07 ], [ 962899.32999999995809, 1949151.26 ] ] ] } },
{ "type": "Feature", "properties": { "uid": "11215#137", "sig_cd": 11215, "f_node": "11215#31", "t_node": "11215#193", "length": 46.393761988287302, "degree": 3.6998155138608402, "width": 1.0, "type": 0, "braille": 0, "w_bicycle": 0 }, "geometry": { "type": "MultiLineString", "coordinates": [ [ [ 962594.10999999998603, 1949322.99 ], [ 962640.21999999997206, 1949318.03 ] ] ] } },
{ "type": "Feature", "properties": { "uid": "11215#498", "sig_cd": 11215, "f_node": "11215#35", "t_node": "11215#580", "length": 43.3193742165572, "degree": 3.9615839277579501, "width": 1.0, "type": 0, "braille": 1, "w_bicycle": 0 }, "geometry": { "type": "MultiLineString", "coordinates": [ [ [ 962606.949999999953434, 1949623.139999999897555 ], [ 962610.76, 1949608.639999999897555 ], [ 962615.46999999997206, 1949589.639999999897555 ], [ 962617.76, 1949581.21 ] ] ] } },
{ "type": "Feature", "properties": { "uid": "11215#367", "sig_cd": 11215, "f_node": "11215#662", "t_node": "11215#663", "length": 8.4024117125177096, "degree": 4.99, "width": 1.0, "type": 0, "braille": 0, "w_bicycle": 0 }, "geometry": { "type": "MultiLineString", "coordinates": [ [ [ 962499.57999999995809, 1949205.83 ], [ 962491.689999999944121, 1949208.71 ] ] ] } },
{ "type": "Feature", "properties": { "uid": "11215#138", "sig_cd": 11215, "f_node": "11215#63", "t_node": "11215#425", "length": 36.872039961998901, "degree": 4.99, "width": 1.0, "type": 0, "braille": 0, "w_bicycle": 0 }, "geometry": { "type": "MultiLineString", "coordinates": [ [ [ 963348.07999999995809, 1949587.73 ], [ 963337.150000000023283, 1949552.53 ] ] ] } },
{ "type": "Feature", "properties": { "uid": "11215#491", "sig_cd": 11215, "f_node": "11215#663", "t_node": "11215#884", "length": 8.6307473857842893, "degree": 5.99, "width": 1.0, "type": 90, "braille": 0, "w_bicycle": 0 }, "geometry": { "type": "MultiLineString", "coordinates": [ [ [ 962502.199999999953434, 1949197.610000000102445 ], [ 962499.57999999995809, 1949205.83 ] ] ] } },
{ "type": "Feature", "properties": { "uid": "11215#368", "sig_cd": 11215, "f_node": "11215#917", "t_node": "11215#920", "length": 6.2043104334616102, "degree": 0.0, "width": 1.0, "type": 0, "braille": 0, "w_bicycle": 0 }, "geometry": { "type": "MultiLineString", "coordinates": [ [ [ 962733.53000000002794, 1949325.68 ], [ 962734.25, 1949331.84 ] ] ] } },
{ "type": "Feature", "properties": { "uid": "11215#139", "sig_cd": 11215, "f_node": "11215#340", "t_node": "11215#341", "length": 4.6108966373010798, "degree": 5.99, "width": 1.0, "type": 90, "braille": 0, "w_bicycle": 0 }, "geometry": { "type": "MultiLineString", "coordinates": [ [ [ 962494.300000000046566, 1949469.629999999888241 ], [ 962494.01, 1949465.03 ] ] ] } },
{ "type": "Feature", "properties": { "uid": "11215#492", "sig_cd": 11215, "f_node": "11215#105", "t_node": "11215#885", "length": 56.576976999848398, "degree": 0.0, "width": 1.0, "type": 0, "braille": 0, "w_bicycle": 0 }, "geometry": { "type": "MultiLineString", "coordinates": [ [ [ 962607.699999999953434, 1949381.4 ], [ 962575.07999999995809, 1949335.2 ] ] ] } },
{ "type": "Feature", "properties": { "uid": "11215#369", "sig_cd": 11215, "f_node": "11215#32", "t_node": "11215#571", "length": 25.641939776597599, "degree": 0.0, "width": 1.0, "type": 0, "braille": 1, "w_bicycle": 0 }, "geometry": { "type": "MultiLineString", "coordinates": [ [ [ 962618.800000000046566, 1949434.120000000111759 ], [ 962618.46999999997206, 1949459.75 ] ] ] } },
{ "type": "Feature", "properties": { "uid": "11215#143", "sig_cd": 11215, "f_node": "11215#34", "t_node": "11215#97", "length": 5.1345770023486104, "degree": 0.0, "width": 1.0, "type": 0, "braille": 1, "w_bicycle": 0 }, "geometry": { "type": "MultiLineString", "coordinates": [ [ [ 962653.150000000023283, 1949462.129999999888241 ], [ 962658.24, 1949461.47 ] ] ] } },
{ "type": "Feature", "properties": { "uid": "11215#493", "sig_cd": 11215, "f_node": "11215#67", "t_node": "11215#153", "length": 49.624130537182303, "degree": 1.1544388824404299, "width": 1.0, "type": 0, "braille": 0, "w_bicycle": 0 }, "geometry": { "type": "MultiLineString", "coordinates": [ [ [ 963259.020000000018626, 1949332.47 ], [ 963256.040000000037253, 1949321.54 ], [ 963252.069999999948777, 1949305.620000000111759 ], [ 963246.51, 1949284.47 ] ] ] } },
{ "type": "Feature", "properties": { "uid": "11215#144", "sig_cd": 11215, "f_node": "11215#30", "t_node": "11215#497", "length": 74.518681453984797, "degree": 4.99, "width": 1.0, "type": 0, "braille": 1, "w_bicycle": 0 }, "geometry": { "type": "MultiLineString", "coordinates": [ [ [ 962529.900000000023283, 1949224.33 ], [ 962559.189999999944121, 1949292.82 ] ] ] } },
{ "type": "Feature", "properties": { "uid": "11215#494", "sig_cd": 11215, "f_node": "11215#580", "t_node": "11215#581", "length": 13.936055953575201, "degree": 0.0, "width": 1.0, "type": 90, "braille": 0, "w_bicycle": 0 }, "geometry": { "type": "MultiLineString", "coordinates": [ [ [ 962617.76, 1949581.21 ], [ 962631.569999999948777, 1949579.379999999888241 ] ] ] } },
{ "type": "Feature", "properties": { "uid": "11215#374", "sig_cd": 11215, "f_node": "11215#160", "t_node": "11215#436", "length": 5.1640871389955896, "degree": 4.99, "width": 1.0, "type": 0, "braille": 0, "w_bicycle": 0 }, "geometry": { "type": "MultiLineString", "coordinates": [ [ [ 962292.020000000018626, 1949591.34 ], [ 962288.949999999953434, 1949587.19 ] ] ] } },
{ "type": "Feature", "properties": { "uid": "11215#145", "sig_cd": 11215, "f_node": "11215#191", "t_node": "11215#192", "length": 8.5513108040555608, "degree": 0.0, "width": 1.0, "type": 0, "braille": 0, "w_bicycle": 0 }, "geometry": { "type": "MultiLineString", "coordinates": [ [ [ 962208.099999999976717, 1949366.59 ], [ 962211.189999999944121, 1949374.56 ] ] ] } },
{ "type": "Feature", "properties": { "uid": "11215#375", "sig_cd": 11215, "f_node": "11215#45", "t_node": "11215#93", "length": 5.6703451700440404, "degree": 0.0, "width": 1.0, "type": 0, "braille": 0, "w_bicycle": 0 }, "geometry": { "type": "MultiLineString", "coordinates": [ [ [ 962772.32999999995809, 1949288.6 ], [ 962773.14000000001397, 1949294.21 ] ] ] } },
{ "type": "Feature", "properties": { "uid": "11215#146", "sig_cd": 11215, "f_node": "11215#43", "t_node": "11215#717", "length": 3.54136983398607, "degree": 4.99, "width": 1.0, "type": 0, "braille": 0, "w_bicycle": 0 }, "geometry": { "type": "MultiLineString", "coordinates": [ [ [ 962730.89000000001397, 1949465.29 ], [ 962730.430000000051223, 1949461.78 ] ] ] } },
{ "type": "Feature", "properties": { "uid": "11215#376", "sig_cd": 11215, "f_node": "11215#10", "t_node": "11215#420", "length": 5.4931349922481498, "degree": 0.0, "width": 1.0, "type": 0, "braille": 0, "w_bicycle": 0 }, "geometry": { "type": "MultiLineString", "coordinates": [ [ [ 963266.400000000023283, 1949353.81 ], [ 963264.550000000046566, 1949348.639999999897555 ] ] ] } },
{ "type": "Feature", "properties": { "uid": "11215#377", "sig_cd": 11215, "f_node": "11215#793", "t_node": "11215#929", "length": 8.7007420587437405, "degree": 4.99, "width": 1.0, "type": 0, "braille": 0, "w_bicycle": 0 }, "geometry": { "type": "MultiLineString", "coordinates": [ [ [ 962396.25, 1949272.5 ], [ 962388.12, 1949275.59 ] ] ] } },
{ "type": "Feature", "properties": { "uid": "11215#246", "sig_cd": 11215, "f_node": "11215#207", "t_node": "11215#605", "length": 69.454831265184595, "degree": 1.6494158849543501, "width": 1.0, "type": 0, "braille": 0, "w_bicycle": 0 }, "geometry": { "type": "MultiLineString", "coordinates": [ [ [ 962564.67000000004191, 1949715.44 ], [ 962572.0, 1949696.69 ], [ 962579.949999999953434, 1949671.52 ], [ 962586.57999999995809, 1949649.6 ] ] ] } },
{ "type": "Feature", "properties": { "uid": "11215#140", "sig_cd": 11215, "f_node": "11215#359", "t_node": "11215#679", "length": 17.489871584207101, "degree": 0.0, "width": 1.0, "type": 0, "braille": 0, "w_bicycle": 0 }, "geometry": { "type": "MultiLineString", "coordinates": [ [ [ 962392.150000000023283, 1948935.78 ], [ 962393.050000000046566, 1948953.24 ] ] ] } },
{ "type": "Feature", "properties": { "uid": "11215#490", "sig_cd": 11215, "f_node": "11215#500", "t_node": "11215#885", "length": 17.083016856104301, "degree": 4.99, "width": 1.0, "type": 0, "braille": 0, "w_bicycle": 0 }, "geometry": { "type": "MultiLineString", "coordinates": [ [ [ 962607.699999999953434, 1949381.4 ], [ 962606.949999999953434, 1949364.34 ] ] ] } },
{ "type": "Feature", "properties": { "uid": "11215#370", "sig_cd": 11215, "f_node": "11215#571", "t_node": "11215#932", "length": 50.404365111392998, "degree": 0.60607579259431998, "width": 1.0, "type": 0, "braille": 0, "w_bicycle": 0 }, "geometry": { "type": "MultiLineString", "coordinates": [ [ [ 962618.800000000046566, 1949434.120000000111759 ], [ 962668.71999999997206, 1949427.29 ] ] ] } },
{ "type": "Feature", "properties": { "uid": "11215#247", "sig_cd": 11215, "f_node": "11215#27", "t_node": "11215#494", "length": 40.672907680435898, "degree": 4.2184502915958699, "width": 1.0, "type": 0, "braille": 0, "w_bicycle": 0 }, "geometry": { "type": "MultiLineString", "coordinates": [ [ [ 962575.479999999981374, 1949445.31 ], [ 962536.10999999998603, 1949455.46 ] ] ] } },
{ "type": "Feature", "properties": { "uid": "11215#141", "sig_cd": 11215, "f_node": "11215#327", "t_node": "11215#328", "length": 55.520191980418602, "degree": 1.0317905944024199, "width": 0.9, "type": 0, "braille": 0, "w_bicycle": 0 }, "geometry": { "type": "MultiLineString", "coordinates": [ [ [ 962845.17000000004191, 1949164.110000000102445 ], [ 962866.729999999981374, 1949161.48 ], [ 962900.21999999997206, 1949157.07 ] ] ] } },
{ "type": "Feature", "properties": { "uid": "11215#371", "sig_cd": 11215, "f_node": "11215#501", "t_node": "11215#711", "length": 11.310479273907999, "degree": 0.0, "width": 1.0, "type": 0, "braille": 0, "w_bicycle": 0 }, "geometry": { "type": "MultiLineString", "coordinates": [ [ [ 962717.78000000002794, 1949318.73 ], [ 962729.01, 1949317.42 ] ] ] } },
{ "type": "Feature", "properties": { "uid": "11215#248", "sig_cd": 11215, "f_node": "11215#147", "t_node": "11215#396", "length": 19.872694306851301, "degree": 4.99, "width": 1.0, "type": 0, "braille": 0, "w_bicycle": 0 }, "geometry": { "type": "MultiLineString", "coordinates": [ [ [ 963162.660000000032596, 1948786.72 ], [ 963182.49, 1948787.9 ] ] ] } },
{ "type": "Feature", "properties": { "uid": "11215#142", "sig_cd": 11215, "f_node": "11215#83", "t_node": "11215#84", "length": 27.9443159569011, "degree": 4.0937304496741902, "width": 1.0, "type": 0, "braille": 0, "w_bicycle": 0 }, "geometry": { "type": "MultiLineString", "coordinates": [ [ [ 963187.5, 1949110.07 ], [ 963184.14000000001397, 1949099.74 ], [ 963178.910000000032596, 1949083.49 ] ] ] } },
{ "type": "Feature", "properties": { "uid": "11215#372", "sig_cd": 11215, "f_node": "11215#70", "t_node": "11215#388", "length": 20.244895601443599, "degree": 2.8278362316290999, "width": 1.0, "type": 0, "braille": 0, "w_bicycle": 0 }, "geometry": { "type": "MultiLineString", "coordinates": [ [ [ 963002.57999999995809, 1948855.129999999888241 ], [ 962991.709999999962747, 1948838.06 ] ] ] } },
{ "type": "Feature", "properties": { "uid": "11215#249", "sig_cd": 11215, "f_node": "11215#474", "t_node": "11215#766", "length": 36.8087673338147, "degree": 4.6594402941324802, "width": 1.0, "type": 0, "braille": 0, "w_bicycle": 0 }, "geometry": { "type": "MultiLineString", "coordinates": [ [ [ 962350.400000000023283, 1949056.34 ], [ 962320.57999999995809, 1949067.9 ], [ 962316.150000000023283, 1949069.78 ] ] ] } },
{ "type": "Feature", "properties": { "uid": "11215#373", "sig_cd": 11215, "f_node": "11215#78", "t_node": "11215#154", "length": 42.9357399413446, "degree": 3.9968667806297198, "width": 1.0, "type": 0, "braille": 0, "w_bicycle": 0 }, "geometry": { "type": "MultiLineString", "coordinates": [ [ [ 963314.99, 1949487.46 ], [ 963311.42000000004191, 1949476.4 ], [ 963304.040000000037253, 1949454.35 ], [ 963301.430000000051223, 1949446.74 ] ] ] } },
{ "type": "Feature", "properties": { "uid": "11215#253", "sig_cd": 11215, "f_node": "11215#734", "t_node": "11215#735", "length": 5.55879151453302, "degree": 0.0, "width": 1.0, "type": 0, "braille": 0, "w_bicycle": 0 }, "geometry": { "type": "MultiLineString", "coordinates": [ [ [ 962842.060000000055879, 1949305.95 ], [ 962841.63, 1949300.41 ] ] ] } },
{ "type": "Feature", "properties": { "uid": "11215#254", "sig_cd": 11215, "f_node": "11215#156", "t_node": "11215#426", "length": 5.0710359918466601, "degree": 4.99, "width": 1.0, "type": 0, "braille": 0, "w_bicycle": 0 }, "geometry": { "type": "MultiLineString", "coordinates": [ [ [ 963108.349999999976717, 1949617.09 ], [ 963113.26, 1949615.83 ] ] ] } },
{ "type": "Feature", "properties": { "uid": "11215#255", "sig_cd": 11215, "f_node": "11215#124", "t_node": "11215#682", "length": 54.039139742696598, "degree": 0.0, "width": 1.0, "type": 0, "braille": 0, "w_bicycle": 0 }, "geometry": { "type": "MultiLineString", "coordinates": [ [ [ 962396.76, 1949000.08 ], [ 962448.71999999997206, 1948985.31 ] ] ] } },
{ "type": "Feature", "properties": { "uid": "11215#256", "sig_cd": 11215, "f_node": "11215#166", "t_node": "11215#427", "length": 3.7268550027757299, "degree": 0.0, "width": 1.0, "type": 0, "braille": 0, "w_bicycle": 0 }, "geometry": { "type": "MultiLineString", "coordinates": [ [ [ 963293.699999999953434, 1949601.02 ], [ 963290.020000000018626, 1949601.6 ] ] ] } },
{ "type": "Feature", "properties": { "uid": "11215#250", "sig_cd": 11215, "f_node": "11215#834", "t_node": "11215#835", "length": 63.2866032241512, "degree": 1.28095050479899, "width": 1.0, "type": 0, "braille": 1, "w_bicycle": 0 }, "geometry": { "type": "MultiLineString", "coordinates": [ [ [ 962420.439999999944121, 1949054.24 ], [ 962459.67000000004191, 1949103.870000000111759 ] ] ] } },
{ "type": "Feature", "properties": { "uid": "11215#251", "sig_cd": 11215, "f_node": "11215#1", "t_node": "11215#390", "length": 132.000528361639, "degree": 2.7056859402907998, "width": 1.0, "type": 0, "braille": 1, "w_bicycle": 0 }, "geometry": { "type": "MultiLineString", "coordinates": [ [ [ 962786.39000000001397, 1948807.01 ], [ 962735.349999999976717, 1948822.47 ], [ 962692.60999999998603, 1948835.94 ], [ 962676.180000000051223, 1948841.58 ], [ 962660.459999999962747, 1948846.379999999888241 ] ] ] } },
{ "type": "Feature", "properties": { "uid": "11215#252", "sig_cd": 11215, "f_node": "11215#443", "t_node": "11215#444", "length": 31.019194829976598, "degree": 3.6891080485988601, "width": 1.0, "type": 0, "braille": 0, "w_bicycle": 0 }, "geometry": { "type": "MultiLineString", "coordinates": [ [ [ 962308.459999999962747, 1949152.9 ], [ 962337.569999999948777, 1949163.58 ] ] ] } },
{ "type": "Feature", "properties": { "uid": "11215#477", "sig_cd": 11215, "f_node": "11215#48", "t_node": "11215#189", "length": 18.719060903334, "degree": 0.0, "width": 1.0, "type": 0, "braille": 0, "w_bicycle": 0 }, "geometry": { "type": "MultiLineString", "coordinates": [ [ [ 962824.5, 1949151.72 ], [ 962843.069999999948777, 1949149.42 ] ] ] } },
{ "type": "Feature", "properties": { "uid": "11215#478", "sig_cd": 11215, "f_node": "11215#40", "t_node": "11215#586", "length": 20.0692113041233, "degree": 0.0, "width": 1.0, "type": 0, "braille": 0, "w_bicycle": 0 }, "geometry": { "type": "MultiLineString", "coordinates": [ [ [ 962822.349999999976717, 1949524.07 ], [ 962815.96999999997206, 1949505.05 ] ] ] } },
{ "type": "Feature", "properties": { "uid": "11215#479", "sig_cd": 11215, "f_node": "11215#87", "t_node": "11215#434", "length": 5.7576348653177396, "degree": 0.0, "width": 1.0, "type": 0, "braille": 0, "w_bicycle": 0 }, "geometry": { "type": "MultiLineString", "coordinates": [ [ [ 962372.810000000055879, 1949797.76 ], [ 962374.599999999976717, 1949803.23 ] ] ] } },
{ "type": "Feature", "properties": { "uid": "11215#484", "sig_cd": 11215, "f_node": "11215#881", "t_node": "11215#882", "length": 11.7068301964939, "degree": 4.99, "width": 1.0, "type": 0, "braille": 0, "w_bicycle": 0 }, "geometry": { "type": "MultiLineString", "coordinates": [ [ [ 962503.60999999998603, 1949207.5 ], [ 962508.14000000001397, 1949218.29 ] ] ] } },
{ "type": "Feature", "properties": { "uid": "11215#485", "sig_cd": 11215, "f_node": "11215#660", "t_node": "11215#879", "length": 4.6085411841869002, "degree": 0.0, "width": 1.0, "type": 0, "braille": 0, "w_bicycle": 0 }, "geometry": { "type": "MultiLineString", "coordinates": [ [ [ 962505.57999999995809, 1949233.52 ], [ 962501.26, 1949235.120000000111759 ] ] ] } },
{ "type": "Feature", "properties": { "uid": "11215#486", "sig_cd": 11215, "f_node": "11215#106", "t_node": "11215#876", "length": 13.303098422053701, "degree": 4.99, "width": 1.0, "type": 0, "braille": 0, "w_bicycle": 0 }, "geometry": { "type": "MultiLineString", "coordinates": [ [ [ 962518.0, 1949228.85 ], [ 962523.03000000002794, 1949241.16 ] ] ] } },
{ "type": "Feature", "properties": { "uid": "11215#487", "sig_cd": 11215, "f_node": "11215#883", "t_node": "11215#884", "length": 7.2708220292062302, "degree": 4.99, "width": 1.0, "type": 0, "braille": 0, "w_bicycle": 0 }, "geometry": { "type": "MultiLineString", "coordinates": [ [ [ 962502.199999999953434, 1949197.610000000102445 ], [ 962505.199999999953434, 1949204.23 ] ] ] } },
{ "type": "Feature", "properties": { "uid": "11215#356", "sig_cd": 11215, "f_node": "11215#33", "t_node": "11215#571", "length": 17.418608936681899, "degree": 4.99, "width": 1.0, "type": 0, "braille": 1, "w_bicycle": 0 }, "geometry": { "type": "MultiLineString", "coordinates": [ [ [ 962618.540000000037253, 1949416.71 ], [ 962618.800000000046566, 1949434.120000000111759 ] ] ] } },
{ "type": "Feature", "properties": { "uid": "11215#480", "sig_cd": 11215, "f_node": "11215#107", "t_node": "11215#678", "length": 60.585918271260198, "degree": 0.94300819700173, "width": 1.0, "type": 0, "braille": 1, "w_bicycle": 0 }, "geometry": { "type": "MultiLineString", "coordinates": [ [ [ 962407.270000000018626, 1949060.72 ], [ 962442.53000000002794, 1949109.96 ] ] ] } },
{ "type": "Feature", "properties": { "uid": "11215#357", "sig_cd": 11215, "f_node": "11215#122", "t_node": "11215#123", "length": 49.265131315988199, "degree": 2.3275116899082899, "width": 1.0, "type": 0, "braille": 0, "w_bicycle": 1 }, "geometry": { "type": "MultiLineString", "coordinates": [ [ [ 962377.209999999962747, 1948944.43 ], [ 962379.949999999953434, 1948993.6 ] ] ] } },
{ "type": "Feature", "properties": { "uid": "11215#481", "sig_cd": 11215, "f_node": "11215#880", "t_node": "11215#881", "length": 12.212900283186899, "degree": 0.0, "width": 1.0, "type": 0, "braille": 0, "w_bicycle": 0 }, "geometry": { "type": "MultiLineString", "coordinates": [ [ [ 962508.14000000001397, 1949218.29 ], [ 962496.76, 1949222.71 ] ] ] } },
{ "type": "Feature", "properties": { "uid": "11215#358", "sig_cd": 11215, "f_node": "11215#46", "t_node": "11215#728", "length": 9.5640227671787894, "degree": 0.0, "width": 1.0, "type": 0, "braille": 0, "w_bicycle": 0 }, "geometry": { "type": "MultiLineString", "coordinates": [ [ [ 962768.12, 1949242.74 ], [ 962767.14000000001397, 1949233.23 ] ] ] } },
{ "type": "Feature", "properties": { "uid": "11215#482", "sig_cd": 11215, "f_node": "11215#661", "t_node": "11215#880", "length": 5.0409467997967798, "degree": 0.0, "width": 1.0, "type": 0, "braille": 0, "w_bicycle": 0 }, "geometry": { "type": "MultiLineString", "coordinates": [ [ [ 962496.76, 1949222.71 ], [ 962495.050000000046566, 1949217.97 ] ] ] } },
{ "type": "Feature", "properties": { "uid": "11215#359", "sig_cd": 11215, "f_node": "11215#150", "t_node": "11215#416", "length": 30.107728429232498, "degree": 1.90232632498021, "width": 1.0, "type": 0, "braille": 0, "w_bicycle": 0 }, "geometry": { "type": "MultiLineString", "coordinates": [ [ [ 963208.599999999976717, 1949174.44 ], [ 963199.290000000037253, 1949145.82 ] ] ] } },
{ "type": "Feature", "properties": { "uid": "11215#239", "sig_cd": 11215, "f_node": "11215#192", "t_node": "11215#437", "length": 101.312671996161, "degree": 0.56551582150360002, "width": 1.0, "type": 0, "braille": 1, "w_bicycle": 1 }, "geometry": { "type": "MultiLineString", "coordinates": [ [ [ 962173.67000000004191, 1949271.35 ], [ 962185.300000000046566, 1949304.32 ], [ 962208.099999999976717, 1949366.59 ] ] ] } },
{ "type": "Feature", "properties": { "uid": "11215#483", "sig_cd": 11215, "f_node": "11215#882", "t_node": "11215#883", "length": 3.6374612937383701, "degree": 4.99, "width": 1.0, "type": 0, "braille": 0, "w_bicycle": 0 }, "geometry": { "type": "MultiLineString", "coordinates": [ [ [ 962505.199999999953434, 1949204.23 ], [ 962503.60999999998603, 1949207.5 ] ] ] } },
{ "type": "Feature", "properties": { "uid": "11215#363", "sig_cd": 11215, "f_node": "11215#923", "t_node": "11215#924", "length": 9.9442116408034202, "degree": 0.0, "width": 1.0, "type": 0, "braille": 0, "w_bicycle": 0 }, "geometry": { "type": "MultiLineString", "coordinates": [ [ [ 962369.0, 1949060.48 ], [ 962365.26, 1949051.27 ] ] ] } },
{ "type": "Feature", "properties": { "uid": "11215#364", "sig_cd": 11215, "f_node": "11215#712", "t_node": "11215#917", "length": 3.3503124890409599, "degree": 0.0, "width": 1.0, "type": 0, "braille": 0, "w_bicycle": 0 }, "geometry": { "type": "MultiLineString", "coordinates": [ [ [ 962734.25, 1949331.84 ], [ 962730.930000000051223, 1949332.28 ] ] ] } },
{ "type": "Feature", "properties": { "uid": "11215#169", "sig_cd": 11215, "f_node": "11215#141", "t_node": "11215#863", "length": 4.5511911807966703, "degree": 0.0, "width": 1.0, "type": 0, "braille": 0, "w_bicycle": 0 }, "geometry": { "type": "MultiLineString", "coordinates": [ [ [ 962440.60999999998603, 1949479.72 ], [ 962436.25, 1949481.01 ] ] ] } },
{ "type": "Feature", "properties": { "uid": "11215#365", "sig_cd": 11215, "f_node": "11215#712", "t_node": "11215#922", "length": 11.4963292849108, "degree": 5.99, "width": 1.0, "type": 90, "braille": 0, "w_bicycle": 0 }, "geometry": { "type": "MultiLineString", "coordinates": [ [ [ 962719.550000000046566, 1949333.879999999888241 ], [ 962730.930000000051223, 1949332.28 ] ] ] } },
{ "type": "Feature", "properties": { "uid": "11215#366", "sig_cd": 11215, "f_node": "11215#920", "t_node": "11215#921", "length": 3.4166412473824299, "degree": 0.0, "width": 1.0, "type": 0, "braille": 0, "w_bicycle": 0 }, "geometry": { "type": "MultiLineString", "coordinates": [ [ [ 962730.150000000023283, 1949326.17 ], [ 962733.53000000002794, 1949325.68 ] ] ] } },
{ "type": "Feature", "properties": { "uid": "11215#235", "sig_cd": 11215, "f_node": "11215#13", "t_node": "11215#392", "length": 98.367565515229401, "degree": 2.3285817887692302, "width": 1.0, "type": 0, "braille": 1, "w_bicycle": 0 }, "geometry": { "type": "MultiLineString", "coordinates": [ [ [ 963067.520000000018626, 1948718.78 ], [ 963161.46999999997206, 1948689.76 ] ] ] } },
{ "type": "Feature", "properties": { "uid": "11215#236", "sig_cd": 11215, "f_node": "11215#136", "t_node": "11215#572", "length": 27.6182851663498, "degree": 0.0, "width": 1.0, "type": 0, "braille": 1, "w_bicycle": 0 }, "geometry": { "type": "MultiLineString", "coordinates": [ [ [ 962712.410000000032596, 1949421.31 ], [ 962708.71999999997206, 1949393.95 ] ] ] } },
{ "type": "Feature", "properties": { "uid": "11215#360", "sig_cd": 11215, "f_node": "11215#474", "t_node": "11215#924", "length": 15.707485781751901, "degree": 1.3113682646507501, "width": 1.0, "type": 0, "braille": 0, "w_bicycle": 0 }, "geometry": { "type": "MultiLineString", "coordinates": [ [ [ 962365.26, 1949051.27 ], [ 962362.0, 1949052.43 ], [ 962350.400000000023283, 1949056.34 ] ] ] } },
{ "type": "Feature", "properties": { "uid": "11215#237", "sig_cd": 11215, "f_node": "11215#331", "t_node": "11215#508", "length": 26.4902569600386, "degree": 2.1618735729680201, "width": 1.0, "type": 90, "braille": 0, "w_bicycle": 0 }, "geometry": { "type": "MultiLineString", "coordinates": [ [ [ 962914.32999999995809, 1949286.45 ], [ 962934.540000000037253, 1949269.34 ] ] ] } },
{ "type": "Feature", "properties": { "uid": "11215#176", "sig_cd": 11215, "f_node": "11215#706", "t_node": "11215#707", "length": 5.7176420011115603, "degree": 0.0, "width": 1.0, "type": 0, "braille": 0, "w_bicycle": 0 }, "geometry": { "type": "MultiLineString", "coordinates": [ [ [ 962758.900000000023283, 1949308.97 ], [ 962759.319999999948777, 1949314.67 ] ] ] } },
{ "type": "Feature", "properties": { "uid": "11215#361", "sig_cd": 11215, "f_node": "11215#694", "t_node": "11215#925", "length": 5.4401867775153203, "degree": 5.99, "width": 1.0, "type": 90, "braille": 0, "w_bicycle": 0 }, "geometry": { "type": "MultiLineString", "coordinates": [ [ [ 962243.07999999995809, 1949200.98 ], [ 962237.849999999976717, 1949202.47 ] ] ] } },
{ "type": "Feature", "properties": { "uid": "11215#238", "sig_cd": 11215, "f_node": "11215#184", "t_node": "11215#844", "length": 4.3943635918879096, "degree": 0.0, "width": 1.0, "type": 0, "braille": 0, "w_bicycle": 0 }, "geometry": { "type": "MultiLineString", "coordinates": [ [ [ 962727.040000000037253, 1949396.639999999897555 ], [ 962726.38, 1949392.3 ] ] ] } },
{ "type": "Feature", "properties": { "uid": "11215#177", "sig_cd": 11215, "f_node": "11215#30", "t_node": "11215#480", "length": 92.196051707703404, "degree": 0.0, "width": 1.0, "type": 0, "braille": 1, "w_bicycle": 0 }, "geometry": { "type": "MultiLineString", "coordinates": [ [ [ 962494.449999999953434, 1949139.26 ], [ 962529.900000000023283, 1949224.33 ] ] ] } },
{ "type": "Feature", "properties": { "uid": "11215#362", "sig_cd": 11215, "f_node": "11215#501", "t_node": "11215#922", "length": 15.258887922463501, "degree": 0.77631217765267002, "width": 1.0, "type": 0, "braille": 0, "w_bicycle": 0 }, "geometry": { "type": "MultiLineString", "coordinates": [ [ [ 962719.550000000046566, 1949333.879999999888241 ], [ 962717.78000000002794, 1949318.73 ] ] ] } },
{ "type": "Feature", "properties": { "uid": "11215#242", "sig_cd": 11215, "f_node": "11215#561", "t_node": "11215#844", "length": 1.91501628538491, "degree": 0.0, "width": 1.0, "type": 0, "braille": 0, "w_bicycle": 0 }, "geometry": { "type": "MultiLineString", "coordinates": [ [ [ 962726.569999999948777, 1949398.5 ], [ 962727.040000000037253, 1949396.639999999897555 ] ] ] } },
{ "type": "Feature", "properties": { "uid": "11215#178", "sig_cd": 11215, "f_node": "11215#138", "t_node": "11215#858", "length": 4.7764273010767502, "degree": 0.0, "width": 1.0, "type": 0, "braille": 0, "w_bicycle": 0 }, "geometry": { "type": "MultiLineString", "coordinates": [ [ [ 962508.449999999953434, 1949463.41 ], [ 962513.17000000004191, 1949462.69 ] ] ] } },
{ "type": "Feature", "properties": { "uid": "11215#243", "sig_cd": 11215, "f_node": "11215#480", "t_node": "11215#835", "length": 49.638551983451997, "degree": 1.28095050479899, "width": 1.0, "type": 0, "braille": 1, "w_bicycle": 0 }, "geometry": { "type": "MultiLineString", "coordinates": [ [ [ 962459.67000000004191, 1949103.870000000111759 ], [ 962494.449999999953434, 1949139.26 ] ] ] } },
{ "type": "Feature", "properties": { "uid": "11215#179", "sig_cd": 11215, "f_node": "11215#140", "t_node": "11215#658", "length": 5.6801042926469298, "degree": 5.99, "width": 1.0, "type": 0, "braille": 0, "w_bicycle": 0 }, "geometry": { "type": "MultiLineString", "coordinates": [ [ [ 962450.75, 1949462.370000000111759 ], [ 962445.17000000004191, 1949463.42 ] ] ] } },
{ "type": "Feature", "properties": { "uid": "11215#244", "sig_cd": 11215, "f_node": "11215#19", "t_node": "11215#848", "length": 25.501000252750298, "degree": 2.0780425527789199, "width": 1.0, "type": 0, "braille": 0, "w_bicycle": 0 }, "geometry": { "type": "MultiLineString", "coordinates": [ [ [ 962244.53000000002794, 1948991.92 ], [ 962254.189999999944121, 1949015.51 ] ] ] } },
{ "type": "Feature", "properties": { "uid": "11215#172", "sig_cd": 11215, "f_node": "11215#42", "t_node": "11215#181", "length": 53.118373310066502, "degree": 3.2324960111566998, "width": 1.0, "type": 0, "braille": 0, "w_bicycle": 0 }, "geometry": { "type": "MultiLineString", "coordinates": [ [ [ 962790.849999999976717, 1949581.46 ], [ 962784.28000000002794, 1949528.77 ] ] ] } },
{ "type": "Feature", "properties": { "uid": "11215#245", "sig_cd": 11215, "f_node": "11215#101", "t_node": "11215#841", "length": 4.3406244188125296, "degree": 3.2153176788625499, "width": 1.0, "type": 0, "braille": 1, "w_bicycle": 0 }, "geometry": { "type": "MultiLineString", "coordinates": [ [ [ 962592.89000000001397, 1949452.08 ], [ 962597.099999999976717, 1949451.03 ] ] ] } },
{ "type": "Feature", "properties": { "uid": "11215#173", "sig_cd": 11215, "f_node": "11215#680", "t_node": "11215#686", "length": 12.2896559627148, "degree": 0.0, "width": 1.0, "type": 0, "braille": 0, "w_bicycle": 0 }, "geometry": { "type": "MultiLineString", "coordinates": [ [ [ 962394.17000000004191, 1948970.69 ], [ 962406.020000000018626, 1948967.45 ] ] ] } },
{ "type": "Feature", "properties": { "uid": "11215#174", "sig_cd": 11215, "f_node": "11215#174", "t_node": "11215#198", "length": 7.5027640808289799, "degree": 5.99, "width": 1.0, "type": 90, "braille": 0, "w_bicycle": 0 }, "geometry": { "type": "MultiLineString", "coordinates": [ [ [ 962441.87, 1949472.110000000102445 ], [ 962443.089999999967404, 1949479.51 ] ] ] } },
{ "type": "Feature", "properties": { "uid": "11215#175", "sig_cd": 11215, "f_node": "11215#357", "t_node": "11215#580", "length": 58.164649446621397, "degree": 2.9514317808164101, "width": 1.0, "type": 0, "braille": 1, "w_bicycle": 0 }, "geometry": { "type": "MultiLineString", "coordinates": [ [ [ 962618.959999999962747, 1949523.08 ], [ 962617.76, 1949581.21 ] ] ] } },
{ "type": "Feature", "properties": { "uid": "11215#240", "sig_cd": 11215, "f_node": "11215#630", "t_node": "11215#845", "length": 5.7988318909748404, "degree": 0.0, "width": 1.0, "type": 0, "braille": 0, "w_bicycle": 0 }, "geometry": { "type": "MultiLineString", "coordinates": [ [ [ 962719.67000000004191, 1949481.9 ], [ 962718.35999999998603, 1949476.25 ] ] ] } },
{ "type": "Feature", "properties": { "uid": "11215#241", "sig_cd": 11215, "f_node": "11215#27", "t_node": "11215#842", "length": 15.411871708823799, "degree": 4.99, "width": 1.0, "type": 0, "braille": 0, "w_bicycle": 0 }, "geometry": { "type": "MultiLineString", "coordinates": [ [ [ 962590.439999999944121, 1949441.629999999888241 ], [ 962575.479999999981374, 1949445.31 ] ] ] } },
{ "type": "Feature", "properties": { "uid": "11215#170", "sig_cd": 11215, "f_node": "11215#168", "t_node": "11215#847", "length": 18.058574564764498, "degree": 0.0, "width": 1.0, "type": 0, "braille": 0, "w_bicycle": 1 }, "geometry": { "type": "MultiLineString", "coordinates": [ [ [ 962382.49, 1949008.620000000111759 ], [ 962384.21999999997206, 1949016.639999999897555 ], [ 962386.540000000037253, 1949026.21 ] ] ] } },
{ "type": "Feature", "properties": { "uid": "11215#171", "sig_cd": 11215, "f_node": "11215#102", "t_node": "11215#570", "length": 10.340229034208701, "degree": 0.0, "width": 1.0, "type": 0, "braille": 0, "w_bicycle": 0 }, "geometry": { "type": "MultiLineString", "coordinates": [ [ [ 962608.069999999948777, 1949416.66 ], [ 962607.709999999962747, 1949426.99 ] ] ] } },
{ "type": "Feature", "properties": { "uid": "11215#389", "sig_cd": 11215, "f_node": "11215#49", "t_node": "11215#190", "length": 7.30362624375773, "degree": 0.0, "width": 0.9, "type": 90, "braille": 0, "w_bicycle": 0 }, "geometry": { "type": "MultiLineString", "coordinates": [ [ [ 962891.089999999967404, 1949144.2 ], [ 962898.339999999967404, 1949143.34 ] ] ] } },
{ "type": "Feature", "properties": { "uid": "11215#396", "sig_cd": 11215, "f_node": "11215#563", "t_node": "11215#846", "length": 6.3369823791956499, "degree": 0.0, "width": 1.0, "type": 0, "braille": 0, "w_bicycle": 0 }, "geometry": { "type": "MultiLineString", "coordinates": [ [ [ 962734.49, 1949445.3 ], [ 962740.78000000002794, 1949444.55 ] ] ] } },
{ "type": "Feature", "properties": { "uid": "11215#397", "sig_cd": 11215, "f_node": "11215#440", "t_node": "11215#927", "length": 17.205288765856501, "degree": 2.0499991976561698, "width": 1.0, "type": 0, "braille": 1, "w_bicycle": 0 }, "geometry": { "type": "MultiLineString", "coordinates": [ [ [ 962213.020000000018626, 1949239.77 ], [ 962228.85999999998603, 1949233.07 ] ] ] } },
{ "type": "Feature", "properties": { "uid": "11215#158", "sig_cd": 11215, "f_node": "11215#769", "t_node": "11215#866", "length": 3.9782175618903701, "degree": 0.0, "width": 1.0, "type": 0, "braille": 0, "w_bicycle": 0 }, "geometry": { "type": "MultiLineString", "coordinates": [ [ [ 962664.930000000051223, 1949458.08 ], [ 962668.88, 1949457.620000000111759 ] ] ] } },
{ "type": "Feature", "properties": { "uid": "11215#398", "sig_cd": 11215, "f_node": "11215#344", "t_node": "11215#852", "length": 3.5768541503280402, "degree": 2.2143915484638099, "width": 1.0, "type": 0, "braille": 1, "w_bicycle": 0 }, "geometry": { "type": "MultiLineString", "coordinates": [ [ [ 962314.64000000001397, 1949335.610000000102445 ], [ 962316.040000000037253, 1949338.9 ] ] ] } },
{ "type": "Feature", "properties": { "uid": "11215#159", "sig_cd": 11215, "f_node": "11215#70", "t_node": "11215#544", "length": 17.653485848983401, "degree": 3.24211403123181, "width": 1.0, "type": 0, "braille": 0, "w_bicycle": 0 }, "geometry": { "type": "MultiLineString", "coordinates": [ [ [ 963002.57999999995809, 1948855.129999999888241 ], [ 963015.5, 1948867.15 ] ] ] } },
{ "type": "Feature", "properties": { "uid": "11215#399", "sig_cd": 11215, "f_node": "11215#794", "t_node": "11215#929", "length": 2.6110755349792498, "degree": 5.99, "width": 1.0, "type": 90, "braille": 0, "w_bicycle": 0 }, "geometry": { "type": "MultiLineString", "coordinates": [ [ [ 962388.12, 1949275.59 ], [ 962385.67000000004191, 1949276.49 ] ] ] } },
{ "type": "Feature", "properties": { "uid": "11215#268", "sig_cd": 11215, "f_node": "11215#647", "t_node": "11215#791", "length": 16.866232260688399, "degree": 5.99, "width": 1.0, "type": 90, "braille": 0, "w_bicycle": 0 }, "geometry": { "type": "MultiLineString", "coordinates": [ [ [ 962329.550000000046566, 1949224.629999999888241 ], [ 962336.160000000032596, 1949240.139999999897555 ] ] ] } },
{ "type": "Feature", "properties": { "uid": "11215#392", "sig_cd": 11215, "f_node": "11215#176", "t_node": "11215#768", "length": 4.0887403302875196, "degree": 0.0, "width": 1.0, "type": 0, "braille": 0, "w_bicycle": 0 }, "geometry": { "type": "MultiLineString", "coordinates": [ [ [ 962665.12, 1949460.389999999897555 ], [ 962669.17000000004191, 1949459.84 ] ] ] } },
{ "type": "Feature", "properties": { "uid": "11215#269", "sig_cd": 11215, "f_node": "11215#33", "t_node": "11215#505", "length": 45.153905848647902, "degree": 4.99, "width": 1.0, "type": 0, "braille": 1, "w_bicycle": 0 }, "geometry": { "type": "MultiLineString", "coordinates": [ [ [ 962616.99, 1949371.6 ], [ 962618.540000000037253, 1949416.71 ] ] ] } },
{ "type": "Feature", "properties": { "uid": "11215#393", "sig_cd": 11215, "f_node": "11215#734", "t_node": "11215#930", "length": 2.11934885994452, "degree": 5.99, "width": 1.0, "type": 90, "braille": 0, "w_bicycle": 0 }, "geometry": { "type": "MultiLineString", "coordinates": [ [ [ 962842.060000000055879, 1949305.95 ], [ 962842.25, 1949308.06 ] ] ] } },
{ "type": "Feature", "properties": { "uid": "11215#165", "sig_cd": 11215, "f_node": "11215#141", "t_node": "11215#862", "length": 2.77616552410846, "degree": 0.0, "width": 1.0, "type": 0, "braille": 0, "w_bicycle": 0 }, "geometry": { "type": "MultiLineString", "coordinates": [ [ [ 962436.25, 1949481.01 ], [ 962436.689999999944121, 1949483.75 ] ] ] } },
{ "type": "Feature", "properties": { "uid": "11215#394", "sig_cd": 11215, "f_node": "11215#843", "t_node": "11215#932", "length": 3.3230787470051899, "degree": 5.99, "width": 1.0, "type": 90, "braille": 0, "w_bicycle": 0 }, "geometry": { "type": "MultiLineString", "coordinates": [ [ [ 962669.099999999976717, 1949430.59 ], [ 962668.71999999997206, 1949427.29 ] ] ] } },
{ "type": "Feature", "properties": { "uid": "11215#166", "sig_cd": 11215, "f_node": "11215#861", "t_node": "11215#862", "length": 1.75794321841708, "degree": 0.0, "width": 1.0, "type": 0, "braille": 0, "w_bicycle": 0 }, "geometry": { "type": "MultiLineString", "coordinates": [ [ [ 962436.689999999944121, 1949483.75 ], [ 962434.96999999997206, 1949484.110000000102445 ] ] ] } },
{ "type": "Feature", "properties": { "uid": "11215#395", "sig_cd": 11215, "f_node": "11215#820", "t_node": "11215#824", "length": 42.904945615335002, "degree": 4.99, "width": 1.0, "type": 0, "braille": 0, "w_bicycle": 0 }, "geometry": { "type": "MultiLineString", "coordinates": [ [ [ 962497.599999999976717, 1949275.35 ], [ 962470.17000000004191, 1949308.32 ] ] ] } },
{ "type": "Feature", "properties": { "uid": "11215#275", "sig_cd": 11215, "f_node": "11215#180", "t_node": "11215#587", "length": 28.4314520107642, "degree": 2.0143948434431, "width": 1.0, "type": 0, "braille": 0, "w_bicycle": 0 }, "geometry": { "type": "MultiLineString", "coordinates": [ [ [ 962769.51, 1949485.34 ], [ 962797.689999999944121, 1949489.03 ] ] ] } },
{ "type": "Feature", "properties": { "uid": "11215#167", "sig_cd": 11215, "f_node": "11215#174", "t_node": "11215#863", "length": 2.4861335347640101, "degree": 0.0, "width": 1.0, "type": 0, "braille": 0, "w_bicycle": 0 }, "geometry": { "type": "MultiLineString", "coordinates": [ [ [ 962443.089999999967404, 1949479.51 ], [ 962440.60999999998603, 1949479.72 ] ] ] } },
{ "type": "Feature", "properties": { "uid": "11215#276", "sig_cd": 11215, "f_node": "11215#818", "t_node": "11215#819", "length": 13.0298921035295, "degree": 0.0, "width": 1.0, "type": 0, "braille": 0, "w_bicycle": 0 }, "geometry": { "type": "MultiLineString", "coordinates": [ [ [ 962411.560000000055879, 1949309.2 ], [ 962420.770000000018626, 1949318.41 ] ] ] } },
{ "type": "Feature", "properties": { "uid": "11215#168", "sig_cd": 11215, "f_node": "11215#173", "t_node": "11215#341", "length": 6.7320486275512401, "degree": 5.99, "width": 1.0, "type": 90, "braille": 1, "w_bicycle": 0 }, "geometry": { "type": "MultiLineString", "coordinates": [ [ [ 962494.01, 1949465.03 ], [ 962500.38, 1949462.860000000102445 ] ] ] } },
{ "type": "Feature", "properties": { "uid": "11215#277", "sig_cd": 11215, "f_node": "11215#116", "t_node": "11215#170", "length": 9.61288016783808, "degree": 0.0, "width": 1.0, "type": 0, "braille": 1, "w_bicycle": 0 }, "geometry": { "type": "MultiLineString", "coordinates": [ [ [ 962233.729999999981374, 1949163.82 ], [ 962230.310000000055879, 1949154.84 ] ] ] } },
{ "type": "Feature", "properties": { "uid": "11215#161", "sig_cd": 11215, "f_node": "11215#113", "t_node": "11215#867", "length": 32.07117699492931, "degree": 3.36610544555877, "width": 1.0, "type": 0, "braille": 0, "w_bicycle": 0 }, "geometry": { "type": "MultiLineString", "coordinates": [ [ [ 962247.24, 1949230.41 ], [ 962260.96999999997206, 1949201.44 ] ] ] } },
{ "type": "Feature", "properties": { "uid": "11215#390", "sig_cd": 11215, "f_node": "11215#166", "t_node": "11215#424", "length": 47.5961021705603, "degree": 2.4061673193321198, "width": 1.0, "type": 0, "braille": 0, "w_bicycle": 0 }, "geometry": { "type": "MultiLineString", "coordinates": [ [ [ 963293.699999999953434, 1949601.02 ], [ 963341.099999999976717, 1949596.91 ] ] ] } },
{ "type": "Feature", "properties": { "uid": "11215#278", "sig_cd": 11215, "f_node": "11215#854", "t_node": "11215#940", "length": 8.6680442347725393, "degree": 0.0, "width": 1.0, "type": 90, "braille": 0, "w_bicycle": 0 }, "geometry": { "type": "MultiLineString", "coordinates": [ [ [ 962352.26, 1949172.67 ], [ 962344.189999999944121, 1949175.83 ] ] ] } },
{ "type": "Feature", "properties": { "uid": "11215#162", "sig_cd": 11215, "f_node": "11215#113", "t_node": "11215#669", "length": 23.306454434847598, "degree": 4.99, "width": 1.0, "type": 0, "braille": 0, "w_bicycle": 0 }, "geometry": { "type": "MultiLineString", "coordinates": [ [ [ 962270.74, 1949180.29 ], [ 962260.96999999997206, 1949201.44 ] ] ] } },
{ "type": "Feature", "properties": { "uid": "11215#391", "sig_cd": 11215, "f_node": "11215#572", "t_node": "11215#932", "length": 44.114241456865898, "degree": 0.60607579259431998, "width": 1.0, "type": 0, "braille": 0, "w_bicycle": 0 }, "geometry": { "type": "MultiLineString", "coordinates": [ [ [ 962668.71999999997206, 1949427.29 ], [ 962712.410000000032596, 1949421.31 ] ] ] } },
{ "type": "Feature", "properties": { "uid": "11215#271", "sig_cd": 11215, "f_node": "11215#759", "t_node": "11215#760", "length": 4.3350882243601996, "degree": 0.0, "width": 1.0, "type": 0, "braille": 0, "w_bicycle": 0 }, "geometry": { "type": "MultiLineString", "coordinates": [ [ [ 962776.82999999995809, 1948996.55 ], [ 962781.14000000001397, 1948997.0 ] ] ] } },
{ "type": "Feature", "properties": { "uid": "11215#163", "sig_cd": 11215, "f_node": "11215#100", "t_node": "11215#865", "length": 11.2145915269456, "degree": 0.89753858234005002, "width": 1.0, "type": 0, "braille": 1, "w_bicycle": 0 }, "geometry": { "type": "MultiLineString", "coordinates": [ [ [ 962607.599999999976717, 1949470.860000000102445 ], [ 962606.180000000051223, 1949459.74 ] ] ] } },
{ "type": "Feature", "properties": { "uid": "11215#272", "sig_cd": 11215, "f_node": "11215#39", "t_node": "11215#180", "length": 33.680704484321602, "degree": 4.99, "width": 1.0, "type": 0, "braille": 0, "w_bicycle": 0 }, "geometry": { "type": "MultiLineString", "coordinates": [ [ [ 962735.930000000051223, 1949487.77 ], [ 962769.51, 1949485.34 ] ] ] } },
{ "type": "Feature", "properties": { "uid": "11215#164", "sig_cd": 11215, "f_node": "11215#176", "t_node": "11215#866", "length": 2.3186882846143502, "degree": 0.0, "width": 1.0, "type": 0, "braille": 0, "w_bicycle": 0 }, "geometry": { "type": "MultiLineString", "coordinates": [ [ [ 962665.12, 1949460.389999999897555 ], [ 962664.930000000051223, 1949458.08 ] ] ] } },
{ "type": "Feature", "properties": { "uid": "11215#273", "sig_cd": 11215, "f_node": "11215#820", "t_node": "11215#933", "length": 41.51506178381581, "degree": 0.0, "width": 1.0, "type": 0, "braille": 0, "w_bicycle": 0 }, "geometry": { "type": "MultiLineString", "coordinates": [ [ [ 962430.729999999981374, 1949321.23 ], [ 962470.17000000004191, 1949308.32 ] ] ] } },
{ "type": "Feature", "properties": { "uid": "11215#274", "sig_cd": 11215, "f_node": "11215#720", "t_node": "11215#721", "length": 8.7852771638806306, "degree": 5.99, "width": 1.0, "type": 90, "braille": 0, "w_bicycle": 0 }, "geometry": { "type": "MultiLineString", "coordinates": [ [ [ 962767.87, 1949465.47 ], [ 962767.25, 1949456.71 ] ] ] } },
{ "type": "Feature", "properties": { "uid": "11215#160", "sig_cd": 11215, "f_node": "11215#168", "t_node": "11215#473", "length": 2.8548446026642602, "degree": 0.0, "width": 1.0, "type": 0, "braille": 0, "w_bicycle": 0 }, "geometry": { "type": "MultiLineString", "coordinates": [ [ [ 962382.49, 1949008.620000000111759 ], [ 962381.569999999948777, 1949005.92 ] ] ] } },
{ "type": "Feature", "properties": { "uid": "11215#270", "sig_cd": 11215, "f_node": "11215#670", "t_node": "11215#926", "length": 7.6120240267364796, "degree": 0.0, "width": 1.0, "type": 0, "braille": 0, "w_bicycle": 0 }, "geometry": { "type": "MultiLineString", "coordinates": [ [ [ 962244.449999999953434, 1949197.889999999897555 ], [ 962237.199999999953434, 1949200.2 ] ] ] } },
{ "type": "Feature", "properties": { "uid": "11215#499", "sig_cd": 11215, "f_node": "11215#767", "t_node": "11215#811", "length": 8.3020006465704608, "degree": 0.0, "width": 1.0, "type": 0, "braille": 0, "w_bicycle": 0 }, "geometry": { "type": "MultiLineString", "coordinates": [ [ [ 962308.270000000018626, 1949060.83 ], [ 962300.57999999995809, 1949063.95 ] ] ] } },
{ "type": "Feature", "properties": { "uid": "11215#378", "sig_cd": 11215, "f_node": "11215#50", "t_node": "11215#195", "length": 10.9762791475782, "degree": 4.99, "width": 1.0, "type": 0, "braille": 0, "w_bicycle": 0 }, "geometry": { "type": "MultiLineString", "coordinates": [ [ [ 962566.979999999981374, 1949394.27 ], [ 962557.660000000032596, 1949388.48 ] ] ] } },
{ "type": "Feature", "properties": { "uid": "11215#379", "sig_cd": 11215, "f_node": "11215#799", "t_node": "11215#800", "length": 31.405844960166998, "degree": 0.0, "width": 1.0, "type": 90, "braille": 0, "w_bicycle": 0 }, "geometry": { "type": "MultiLineString", "coordinates": [ [ [ 962633.680000000051223, 1948966.17 ], [ 962641.319999999948777, 1948996.620000000111759 ] ] ] } },
{ "type": "Feature", "properties": { "uid": "11215#385", "sig_cd": 11215, "f_node": "11215#653", "t_node": "11215#698", "length": 8.3307429790476206, "degree": 0.0, "width": 1.0, "type": 0, "braille": 0, "w_bicycle": 0 }, "geometry": { "type": "MultiLineString", "coordinates": [ [ [ 962281.60999999998603, 1949348.360000000102445 ], [ 962284.5, 1949356.17 ] ] ] } },
{ "type": "Feature", "properties": { "uid": "11215#386", "sig_cd": 11215, "f_node": "11215#14", "t_node": "11215#146", "length": 46.388974554805003, "degree": 2.4687037951983299, "width": 1.0, "type": 0, "braille": 1, "w_bicycle": 0 }, "geometry": { "type": "MultiLineString", "coordinates": [ [ [ 963057.849999999976717, 1948724.27 ], [ 963037.069999999948777, 1948731.68 ], [ 963017.0, 1948738.29 ], [ 963013.88, 1948738.9 ] ] ] } },
{ "type": "Feature", "properties": { "uid": "11215#387", "sig_cd": 11215, "f_node": "11215#819", "t_node": "11215#933", "length": 10.355483651013101, "degree": 0.0, "width": 1.0, "type": 0, "braille": 0, "w_bicycle": 0 }, "geometry": { "type": "MultiLineString", "coordinates": [ [ [ 962420.770000000018626, 1949318.41 ], [ 962430.729999999981374, 1949321.23 ] ] ] } },
{ "type": "Feature", "properties": { "uid": "11215#388", "sig_cd": 11215, "f_node": "11215#52", "t_node": "11215#434", "length": 12.2853391602771, "degree": 0.0, "width": 1.0, "type": 0, "braille": 1, "w_bicycle": 1 }, "geometry": { "type": "MultiLineString", "coordinates": [ [ [ 962374.599999999976717, 1949803.23 ], [ 962378.300000000046566, 1949814.94 ] ] ] } },
{ "type": "Feature", "properties": { "uid": "11215#257", "sig_cd": 11215, "f_node": "11215#355", "t_node": "11215#832", "length": 43.248922126901, "degree": 2.7276943138327501, "width": 1.0, "type": 0, "braille": 0, "w_bicycle": 0 }, "geometry": { "type": "MultiLineString", "coordinates": [ [ [ 962767.849999999976717, 1949154.55 ], [ 962810.74, 1949149.120000000111759 ] ] ] } },
{ "type": "Feature", "properties": { "uid": "11215#381", "sig_cd": 11215, "f_node": "11215#36", "t_node": "11215#577", "length": 34.255640901162501, "degree": 1.6721191230563399, "width": 1.0, "type": 0, "braille": 1, "w_bicycle": 0 }, "geometry": { "type": "MultiLineString", "coordinates": [ [ [ 962619.13, 1949475.56 ], [ 962619.319999999948777, 1949488.55 ], [ 962619.099999999976717, 1949509.8 ] ] ] } },
{ "type": "Feature", "properties": { "uid": "11215#258", "sig_cd": 11215, "f_node": "11215#83", "t_node": "11215#149", "length": 17.589261863544799, "degree": 4.99, "width": 1.0, "type": 0, "braille": 0, "w_bicycle": 0 }, "geometry": { "type": "MultiLineString", "coordinates": [ [ [ 963192.96999999997206, 1949126.78 ], [ 963187.5, 1949110.07 ] ] ] } },
{ "type": "Feature", "properties": { "uid": "11215#382", "sig_cd": 11215, "f_node": "11215#409", "t_node": "11215#414", "length": 17.9493934515537, "degree": 0.0, "width": 1.0, "type": 0, "braille": 0, "w_bicycle": 0 }, "geometry": { "type": "MultiLineString", "coordinates": [ [ [ 963167.589999999967404, 1948999.22 ], [ 963168.26, 1948981.29 ] ] ] } },
{ "type": "Feature", "properties": { "uid": "11215#259", "sig_cd": 11215, "f_node": "11215#813", "t_node": "11215#814", "length": 4.1196830036389098, "degree": 0.0, "width": 1.0, "type": 0, "braille": 0, "w_bicycle": 0 }, "geometry": { "type": "MultiLineString", "coordinates": [ [ [ 962544.550000000046566, 1949292.66 ], [ 962540.67000000004191, 1949294.04 ] ] ] } },
{ "type": "Feature", "properties": { "uid": "11215#198", "sig_cd": 11215, "f_node": "11215#53", "t_node": "11215#430", "length": 51.254512428699002, "degree": 4.4624271541503102, "width": 1.0, "type": 0, "braille": 0, "w_bicycle": 0 }, "geometry": { "type": "MultiLineString", "coordinates": [ [ [ 962740.14000000001397, 1949667.41 ], [ 962752.069999999948777, 1949664.21 ], [ 962789.349999999976717, 1949653.16 ] ] ] } },
{ "type": "Feature", "properties": { "uid": "11215#383", "sig_cd": 11215, "f_node": "11215#439", "t_node": "11215#867", "length": 19.051077467738299, "degree": 3.36610544555877, "width": 1.0, "type": 0, "braille": 0, "w_bicycle": 0 }, "geometry": { "type": "MultiLineString", "coordinates": [ [ [ 962236.520000000018626, 1949246.15 ], [ 962247.24, 1949230.41 ] ] ] } },
{ "type": "Feature", "properties": { "uid": "11215#199", "sig_cd": 11215, "f_node": "11215#54", "t_node": "11215#63", "length": 62.174538556626601, "degree": 1.8424271690757701, "width": 1.0, "type": 0, "braille": 0, "w_bicycle": 0 }, "geometry": { "type": "MultiLineString", "coordinates": [ [ [ 963337.150000000023283, 1949552.53 ], [ 963333.229999999981374, 1949540.23 ], [ 963323.21999999997206, 1949511.45 ], [ 963317.03000000002794, 1949493.73 ] ] ] } },
{ "type": "Feature", "properties": { "uid": "11215#384", "sig_cd": 11215, "f_node": "11215#624", "t_node": "11215#795", "length": 14.149959339275201, "degree": 0.0, "width": 1.0, "type": 0, "braille": 0, "w_bicycle": 0 }, "geometry": { "type": "MultiLineString", "coordinates": [ [ [ 962335.99, 1949494.93 ], [ 962330.680000000051223, 1949508.04 ] ] ] } },
{ "type": "Feature", "properties": { "uid": "11215#264", "sig_cd": 11215, "f_node": "11215#175", "t_node": "11215#493", "length": 10.697030597349499, "degree": 4.99, "width": 1.0, "type": 0, "braille": 1, "w_bicycle": 0 }, "geometry": { "type": "MultiLineString", "coordinates": [ [ [ 962518.400000000023283, 1949463.17 ], [ 962527.979999999981374, 1949467.92 ] ] ] } },
{ "type": "Feature", "properties": { "uid": "11215#265", "sig_cd": 11215, "f_node": "11215#705", "t_node": "11215#709", "length": 10.6450201720092, "degree": 5.99, "width": 1.0, "type": 90, "braille": 0, "w_bicycle": 0 }, "geometry": { "type": "MultiLineString", "coordinates": [ [ [ 962749.819999999948777, 1949310.110000000102445 ], [ 962750.85999999998603, 1949320.7 ] ] ] } },
{ "type": "Feature", "properties": { "uid": "11215#266", "sig_cd": 11215, "f_node": "11215#831", "t_node": "11215#832", "length": 33.027049042593397, "degree": 2.7276943138327501, "width": 1.0, "type": 0, "braille": 0, "w_bicycle": 0 }, "geometry": { "type": "MultiLineString", "coordinates": [ [ [ 962735.96999999997206, 1949163.129999999888241 ], [ 962767.849999999976717, 1949154.55 ] ] ] } },
{ "type": "Feature", "properties": { "uid": "11215#194", "sig_cd": 11215, "f_node": "11215#135", "t_node": "11215#187", "length": 19.592582546672901, "degree": 0.0, "width": 1.0, "type": 0, "braille": 0, "w_bicycle": 0 }, "geometry": { "type": "MultiLineString", "coordinates": [ [ [ 962854.209999999962747, 1949293.85 ], [ 962873.680000000051223, 1949291.73 ] ] ] } },
{ "type": "Feature", "properties": { "uid": "11215#267", "sig_cd": 11215, "f_node": "11215#793", "t_node": "11215#822", "length": 25.326571324876902, "degree": 0.0, "width": 1.0, "type": 0, "braille": 0, "w_bicycle": 0 }, "geometry": { "type": "MultiLineString", "coordinates": [ [ [ 962396.25, 1949272.5 ], [ 962410.180000000051223, 1949293.639999999897555 ] ] ] } },
{ "type": "Feature", "properties": { "uid": "11215#195", "sig_cd": 11215, "f_node": "11215#128", "t_node": "11215#355", "length": 4.6092803967294298, "degree": 0.0, "width": 1.0, "type": 0, "braille": 0, "w_bicycle": 0 }, "geometry": { "type": "MultiLineString", "coordinates": [ [ [ 962810.74, 1949149.120000000111759 ], [ 962811.400000000023283, 1949153.68 ] ] ] } },
{ "type": "Feature", "properties": { "uid": "11215#380", "sig_cd": 11215, "f_node": "11215#762", "t_node": "11215#764", "length": 25.222389380739902, "degree": 0.0, "width": 1.0, "type": 0, "braille": 0, "w_bicycle": 0 }, "geometry": { "type": "MultiLineString", "coordinates": [ [ [ 962773.930000000051223, 1948985.41 ], [ 962776.959999999962747, 1948960.379999999888241 ] ] ] } },
{ "type": "Feature", "properties": { "uid": "11215#260", "sig_cd": 11215, "f_node": "11215#604", "t_node": "11215#605", "length": 13.6678003333035, "degree": 0.0, "width": 1.0, "type": 0, "braille": 0, "w_bicycle": 0 }, "geometry": { "type": "MultiLineString", "coordinates": [ [ [ 962553.040000000037253, 1949722.610000000102445 ], [ 962564.67000000004191, 1949715.44 ] ] ] } },
{ "type": "Feature", "properties": { "uid": "11215#196", "sig_cd": 11215, "f_node": "11215#172", "t_node": "11215#482", "length": 8.8818266920813898, "degree": 0.0, "width": 1.0, "type": 0, "braille": 0, "w_bicycle": 0 }, "geometry": { "type": "MultiLineString", "coordinates": [ [ [ 962453.800000000046566, 1949115.48 ], [ 962445.39000000001397, 1949112.639999999897555 ] ] ] } }
]
}
